impression,ad_id,advertiser_id,depth,position,keyword_id,title_id,description_id,user_id,click
1.0,2.1125742E7,35603.0,2.0,2.0,148.0,11222.0,9972.0,3231131.0,0
1.0,6793773.0,13826.0,1.0,1.0,3789.0,4693.0,5102.0,0.0,0
1.0,2.1205791E7,29914.0,3.0,3.0,448.0,1478.0,571.0,1.0755599E7,0
1.0,8676750.0,1268.0,2.0,2.0,28844.0,150.0,35.0,0.0,0
1.0,3067652.0,23785.0,2.0,1.0,1469.0,989.0,181.0,2094362.0,0
1.0,2.0207767E7,19655.0,2.0,1.0,570.0,22508.0,20715.0,1.5737933E7,0
1.0,2.0157108E7,27961.0,2.0,2.0,2143.0,9585.0,14729.0,1.2625851E7,0
2.0,4403548.0,20844.0,2.0,2.0,2802.0,32439.0,68046.0,174122.0,0
1.0,2.0036558E7,23800.0,1.0,1.0,49.0,44.0,75.0,1.7663794E7,0
1.0,2.0164568E7,27961.0,2.0,1.0,50386.0,167604.0,167576.0,2614437.0,0
1.0,9027213.0,23808.0,2.0,1.0,1.0,0.0,0.0,1267638.0,0
1.0,7129648.0,385.0,1.0,1.0,142861.0,221067.0,185554.0,9557426.0,1
1.0,2.1273913E7,36286.0,2.0,1.0,14704.0,401416.0,1390.0,5239254.0,1
1.0,2.0175571E7,24354.0,3.0,1.0,276.0,79.0,199.0,1680199.0,0
4.0,2.0163223E7,27961.0,3.0,2.0,12404.0,66501.0,64323.0,0.0,1
1.0,2.0570517E7,2032.0,2.0,1.0,162202.0,465444.0,408251.0,256947.0,0
1.0,2.1221276E7,33901.0,3.0,3.0,15.0,6715.0,7537.0,1614147.0,0
1.0,2.0157522E7,27961.0,1.0,1.0,18019.0,173016.0,167507.0,0.0,0
1.0,2259194.0,382.0,3.0,3.0,2868.0,162466.0,916.0,1896284.0,0
2.0,2.0504991E7,24027.0,1.0,1.0,34349.0,77055.0,75143.0,1675855.0,1
1.0,1.0403511E7,23808.0,2.0,2.0,97500.0,2884.0,3153.0,3946952.0,0
1.0,1.095099E7,1268.0,2.0,2.0,107981.0,310038.0,2.0,46764.0,0
1.0,2.0054635E7,26906.0,1.0,1.0,6117.0,504251.0,414167.0,2.0009948E7,0
1.0,2.2082843E7,38328.0,2.0,2.0,3517.0,98226.0,10598.0,0.0,0
2.0,3827183.0,23792.0,1.0,1.0,1809.0,61.0,77.0,1.8688475E7,1
1.0,6561197.0,27101.0,2.0,1.0,2814.0,70719.0,63264.0,73978.0,1
1.0,5060672.0,17432.0,3.0,1.0,4200.0,397798.0,174479.0,0.0,0
1.0,8676724.0,1268.0,2.0,1.0,40.0,45.0,13.0,4045425.0,0
1.0,2.147926E7,5221.0,2.0,2.0,80456.0,726199.0,192803.0,0.0,0
3.0,2.1162443E7,1325.0,2.0,1.0,269596.0,964034.0,768313.0,150017.0,0
24.0,2.1132025E7,29684.0,3.0,3.0,637.0,3904.0,4625.0,0.0,1
1.0,2.1299565E7,9375.0,3.0,3.0,48272.0,137013.0,152621.0,0.0,0
1.0,2.0208764E7,1502.0,2.0,1.0,95.0,1443.0,1277.0,0.0,1
1.0,3574069.0,22836.0,3.0,2.0,81633.0,405065.0,369028.0,134562.0,1
1.0,2.0119807E7,29273.0,2.0,1.0,28.0,577.0,757.0,1888061.0,0
1.0,2.0666694E7,33579.0,2.0,2.0,177.0,11643.0,15612.0,33403.0,0
2.0,2.1360102E7,23777.0,1.0,1.0,11677.0,70300.0,727.0,1401582.0,0
1.0,2.1119692E7,30010.0,2.0,2.0,9080.0,9327.0,9429.0,936653.0,0
1.0,4271396.0,12150.0,2.0,2.0,2486.0,1337.0,13975.0,3653721.0,0
4.0,2.0163161E7,27961.0,2.0,2.0,54052.0,287330.0,276709.0,34320.0,0
3.0,4265917.0,2175.0,3.0,2.0,16598.0,85001.0,157499.0,0.0,0
1.0,2.0164356E7,27961.0,1.0,1.0,5613.0,8734.0,9916.0,2.224036E7,0
2.0,4802890.0,23777.0,2.0,2.0,5571.0,9638.0,11023.0,1105966.0,0
1.0,2.0894136E7,34963.0,2.0,1.0,69862.0,569182.0,472010.0,79149.0,1
2.0,2.1162526E7,1325.0,1.0,1.0,5245.0,22.0,23.0,1.1661774E7,1
1.0,2.0591046E7,23382.0,2.0,1.0,173449.0,818482.0,656626.0,3106186.0,0
1.0,2.0450013E7,33597.0,3.0,3.0,4643.0,9916.0,23317.0,0.0,0
1.0,3118955.0,7524.0,1.0,1.0,227845.0,415956.0,371043.0,0.0,0
1.0,2373430.0,6322.0,2.0,1.0,3625.0,16645.0,16168.0,191801.0,0
1.0,2.1373106E7,36788.0,2.0,2.0,1564.0,38360.0,47623.0,79325.0,0
1.0,2.1488478E7,37285.0,2.0,2.0,29.0,1936.0,2074.0,5093073.0,1
1.0,2.0413761E7,32832.0,2.0,1.0,318255.0,657170.0,173307.0,7844092.0,1
2.0,2.1135529E7,1325.0,2.0,1.0,139650.0,342661.0,437624.0,17557.0,0
1.0,4311889.0,13158.0,2.0,1.0,50028.0,236161.0,208413.0,2795012.0,0
1.0,2.2097754E7,24340.0,3.0,1.0,14871.0,26417.0,26336.0,8665314.0,1
1.0,2.2101442E7,33931.0,2.0,1.0,293260.0,1613619.0,1257189.0,1.3216906E7,1
1.0,2.2165606E7,3556.0,3.0,1.0,7868.0,38682.0,35686.0,0.0,0
1.0,4332108.0,8894.0,2.0,2.0,1668.0,942.0,1240.0,0.0,0
1.0,2.0595493E7,33800.0,1.0,1.0,779.0,741.0,991.0,1.7382975E7,0
1.0,8350700.0,24035.0,1.0,1.0,195.0,1952.0,2400.0,1441513.0,0
1.0,2.1300081E7,6236.0,2.0,2.0,1314.0,7546.0,15636.0,1276187.0,0
7.0,2.1162526E7,1325.0,2.0,1.0,10.0,24.0,25.0,979692.0,0
1.0,6434928.0,23777.0,1.0,1.0,846.0,545.0,722.0,5449145.0,0
1.0,2.1866068E7,37762.0,1.0,1.0,351242.0,752118.0,10584.0,5304.0,0
1.0,2.1522776E7,37422.0,3.0,1.0,0.0,25.0,4.0,1.0407976E7,0
1.0,2.1021579E7,23281.0,2.0,2.0,7497.0,93690.0,37415.0,198171.0,0
1.0,2.0592646E7,29731.0,3.0,3.0,22138.0,1136970.0,906075.0,0.0,1
1.0,2.2002401E7,38263.0,2.0,2.0,170.0,69.0,88.0,4760999.0,0
1.0,1.0405666E7,29900.0,1.0,1.0,33.0,101.0,134.0,2.1145064E7,0
1.0,3048011.0,23782.0,1.0,1.0,84.0,68.0,104.0,455650.0,0
1.0,2.0192678E7,27961.0,3.0,3.0,107879.0,234151.0,2372.0,0.0,0
1.0,3109790.0,23777.0,1.0,1.0,2057.0,1344.0,1578.0,341210.0,0
2.0,9027213.0,23808.0,1.0,1.0,1.0,0.0,0.0,4631885.0,1
1.0,2.0017083E7,23798.0,1.0,1.0,159.0,157.0,233.0,593871.0,1
1.0,4332980.0,23778.0,2.0,1.0,22.0,13.0,21.0,490001.0,0
1.0,2.1958951E7,879.0,3.0,3.0,1146043.0,3639988.0,2839421.0,0.0,0
1.0,1.0796779E7,922.0,2.0,2.0,2555.0,79742.0,73851.0,0.0,0
1.0,1.0588313E7,20551.0,1.0,1.0,1053.0,1246.0,3219.0,1.9367369E7,0
1.0,2.0208463E7,1502.0,1.0,1.0,38.0,234.0,344.0,6957496.0,1
1.0,2.0192653E7,27961.0,2.0,1.0,3231.0,20672.0,42456.0,13175.0,0
1.0,7137620.0,385.0,2.0,1.0,29026.0,33355.0,31032.0,3349676.0,0
1.0,2.1161256E7,34304.0,2.0,2.0,11085.0,282461.0,271018.0,7730476.0,0
1.0,8676724.0,1268.0,1.0,1.0,40.0,45.0,13.0,0.0,0
1.0,2.0146599E7,27961.0,3.0,3.0,285203.0,3612117.0,2845668.0,0.0,0
1.0,2.0026098E7,26568.0,3.0,3.0,65397.0,152078.0,414992.0,0.0,0
1.0,2.0894135E7,34963.0,3.0,3.0,23199.0,219485.0,185174.0,1774820.0,1
2.0,3751251.0,7718.0,2.0,2.0,3468.0,9601.0,9716.0,0.0,0
1.0,8350705.0,24035.0,1.0,1.0,594.0,27659.0,26297.0,48048.0,1
2.0,8350714.0,24035.0,3.0,1.0,8795.0,61151.0,17199.0,2360886.0,1
2.0,2.1163923E7,23808.0,1.0,1.0,6033.0,10423.0,34.0,794898.0,0
1.0,2.0687981E7,27838.0,2.0,1.0,20893.0,270307.0,606381.0,25442.0,0
1.0,2.0121297E7,29106.0,2.0,1.0,31.0,351.0,432.0,1.5973237E7,1
1.0,2.1163927E7,23808.0,2.0,1.0,3085.0,7717.0,127.0,7074826.0,0
1.0,2.1163923E7,23808.0,3.0,1.0,3891.0,5943.0,37.0,4670745.0,0
1.0,2.1408707E7,36889.0,2.0,1.0,43754.0,1538569.0,2097550.0,1950.0,0
1.0,1.0425292E7,28698.0,2.0,2.0,128305.0,509979.0,425669.0,0.0,0
1.0,1.0795372E7,674.0,3.0,1.0,554.0,65076.0,687.0,1084945.0,0
1.0,4179834.0,2956.0,1.0,1.0,11651.0,12956.0,12967.0,0.0,0
2.0,2.0067154E7,23781.0,2.0,2.0,119.0,8595.0,1.0,0.0,0
1.0,2.0360167E7,32464.0,2.0,2.0,1828.0,69355.0,62184.0,0.0,0
1.0,2.2102826E7,38489.0,3.0,3.0,3227.0,71141.0,63550.0,47715.0,0
1.0,2.1326258E7,33637.0,2.0,2.0,258.0,191865.0,263314.0,105179.0,0
1.0,3065545.0,23783.0,1.0,1.0,60.0,54.0,78.0,1544032.0,0
1.0,1.076426E7,23649.0,1.0,1.0,154153.0,311261.0,262680.0,1.5738886E7,0
1.0,2.1008756E7,35250.0,1.0,1.0,2503.0,7357.0,35952.0,0.0,0
1.0,2911720.0,23778.0,2.0,1.0,37.0,81.0,107.0,4456684.0,0
1.0,1493429.0,9685.0,2.0,2.0,194527.0,865033.0,439583.0,2854344.0,0
1.0,1.0406861E7,13927.0,3.0,3.0,33861.0,82113.0,150107.0,0.0,0
1.0,2.0893321E7,4698.0,1.0,1.0,641.0,1779.0,1818.0,8205635.0,0
1.0,4418891.0,23808.0,2.0,2.0,42278.0,15596.0,15193.0,154732.0,0
1.0,9027213.0,23808.0,2.0,1.0,1.0,0.0,0.0,3068450.0,1
1.0,2.0192676E7,27961.0,2.0,2.0,39.0,131.0,440.0,5587123.0,0
1.0,2.0418739E7,33500.0,3.0,3.0,1872.0,59344.0,541.0,1803981.0,0
1.0,7237400.0,2370.0,2.0,2.0,278515.0,1540156.0,1220263.0,0.0,0
1.0,3048011.0,23782.0,1.0,1.0,997.0,713.0,1059.0,2.3497703E7,0
1.0,2.017289E7,23805.0,1.0,1.0,73.0,304.0,16.0,1.1698817E7,0
1.0,2.1135496E7,1325.0,2.0,1.0,5300.0,34115.0,33976.0,112.0,0
1.0,9027637.0,23808.0,2.0,1.0,397.0,108.0,146.0,1.4074853E7,0
1.0,9466172.0,21074.0,3.0,3.0,6057.0,2389.0,6631.0,1618641.0,0
1.0,2.0361194E7,4218.0,2.0,2.0,5953.0,244.0,958.0,2315690.0,0
1.0,2281348.0,3960.0,3.0,1.0,11132.0,48191.0,51171.0,0.0,0
1.0,2.1162628E7,5466.0,2.0,2.0,1359.0,1781.0,2324.0,3735244.0,0
1.0,3427617.0,132.0,2.0,1.0,5782.0,201920.0,57995.0,0.0,0
1.0,2.1787E7,37359.0,2.0,1.0,1292.0,67.0,84.0,179013.0,0
1.0,2.0716915E7,3625.0,1.0,1.0,285547.0,2422027.0,2701951.0,0.0,0
1.0,2.0157165E7,27961.0,1.0,1.0,138.0,145.0,234.0,1.9972664E7,0
1.0,1.095933E7,27341.0,2.0,1.0,3261.0,5849.0,6142.0,40887.0,0
2.0,1.0397481E7,23808.0,1.0,1.0,800.0,16.0,167.0,234252.0,0
1.0,2.1360119E7,23777.0,2.0,1.0,19146.0,105566.0,922.0,4691565.0,0
1.0,2.1339356E7,879.0,1.0,1.0,515.0,349.0,1009.0,4679879.0,0
2.0,1.0673605E7,23649.0,2.0,1.0,31529.0,64671.0,69225.0,192331.0,0
1.0,4333921.0,17291.0,3.0,3.0,191.0,278253.0,11738.0,0.0,0
2.0,2.1416545E7,11121.0,3.0,1.0,25056.0,184841.0,175064.0,61401.0,0
4.0,9027437.0,23808.0,2.0,2.0,19.0,20.0,20.0,2266619.0,0
1.0,2.1212155E7,35675.0,2.0,2.0,13069.0,618003.0,493203.0,108424.0,0
1.0,2.1470583E7,5079.0,2.0,2.0,2820.0,293.0,278.0,1.1305991E7,0
1.0,2.131338E7,8493.0,2.0,1.0,157805.0,297158.0,213545.0,0.0,0
1.0,2.037028E7,8017.0,1.0,1.0,367.0,2701.0,4800.0,0.0,0
1.0,3373875.0,5962.0,3.0,3.0,742.0,26288.0,24791.0,9692902.0,0
1.0,2.0192678E7,27961.0,2.0,1.0,3695.0,3998.0,4360.0,7326086.0,0
1.0,2.1273885E7,9375.0,2.0,1.0,3255.0,56225.0,58229.0,12992.0,0
1.0,2.1219457E7,36040.0,1.0,1.0,123019.0,221282.0,9893.0,1.3126048E7,1
1.0,2.1204833E7,8126.0,3.0,3.0,28883.0,233185.0,206884.0,0.0,0
1.0,2.0067145E7,23781.0,2.0,1.0,3798.0,8.0,1.0,3907453.0,1
1.0,2.0017078E7,23798.0,1.0,1.0,15982.0,4.0,15308.0,1.7847856E7,1
1.0,2.0174985E7,23795.0,2.0,2.0,79.0,3.0,7.0,3097170.0,0
2.0,2.069971E7,34296.0,3.0,2.0,4549.0,7986.0,8461.0,0.0,0
1.0,2.0776471E7,34488.0,2.0,1.0,7959.0,280717.0,233316.0,1258114.0,0
1.0,2.0170549E7,27961.0,1.0,1.0,3629.0,8328.0,25597.0,255990.0,0
1.0,1.039701E7,24973.0,1.0,1.0,1274.0,2570.0,26091.0,0.0,0
1.0,9027314.0,23808.0,3.0,3.0,6.0,70.0,89.0,9243477.0,0
1.0,2.0871586E7,34758.0,2.0,2.0,18.0,42.0,47.0,4866956.0,1
1.0,2.1475141E7,14507.0,1.0,1.0,16531.0,120843.0,112765.0,0.0,0
1.0,2.2158661E7,38778.0,1.0,1.0,1262.0,108633.0,1820.0,0.0,0
1.0,3207415.0,23777.0,2.0,1.0,651.0,455.0,594.0,25063.0,0
1.0,2.0600271E7,2580.0,2.0,1.0,3001.0,2479.0,734.0,4935821.0,0
1.0,4430829.0,11165.0,1.0,1.0,17864.0,32236.0,31462.0,0.0,1
1.0,2.150666E7,37430.0,2.0,1.0,349.0,11156.0,1676.0,0.0,0
1.0,9583919.0,23637.0,1.0,1.0,1148.0,983.0,285.0,2.1924065E7,0
1.0,2.1438531E7,36680.0,1.0,1.0,153936.0,2272.0,1692.0,1955366.0,0
1.0,2778800.0,4233.0,1.0,1.0,42368.0,365544.0,531737.0,1382225.0,0
1.0,2.1717679E7,33931.0,3.0,2.0,244480.0,457788.0,667294.0,0.0,0
1.0,2.1927077E7,23807.0,1.0,1.0,11.0,66.0,86.0,240996.0,0
1.0,2.0086974E7,3275.0,2.0,1.0,103480.0,145261.0,125042.0,0.0,0
1.0,6435051.0,23777.0,2.0,2.0,1322.0,867.0,1081.0,1114751.0,0
1.0,2.2104621E7,38465.0,3.0,2.0,61106.0,299284.0,249731.0,899185.0,0
1.0,2.0741898E7,1777.0,2.0,1.0,7330.0,17301.0,4358.0,1.0513973E7,0
1.0,2.0757868E7,34520.0,3.0,3.0,55255.0,591120.0,622858.0,70883.0,0
1.0,1.0588355E7,20551.0,1.0,1.0,10874.0,12549.0,24675.0,184924.0,0
2.0,2.1522776E7,37422.0,3.0,1.0,0.0,25.0,4.0,8124708.0,0
3.0,2.1210118E7,35940.0,2.0,1.0,24507.0,411921.0,397529.0,0.0,1
1.0,3744088.0,1919.0,1.0,1.0,322.0,3574.0,948.0,1.3391475E7,0
1.0,5059558.0,26286.0,1.0,1.0,250.0,303.0,527.0,1678319.0,0
1.0,2.116314E7,5466.0,2.0,2.0,8929.0,24034.0,24231.0,1.2895989E7,0
1.0,2.116255E7,1325.0,1.0,1.0,1026.0,4098.0,5518.0,0.0,0
1.0,1.0863236E7,30495.0,2.0,1.0,25559.0,227339.0,264222.0,0.0,0
1.0,2.0010182E7,8837.0,3.0,1.0,4373.0,13913.0,8488.0,1278426.0,0
1.0,2.1163923E7,23808.0,2.0,2.0,57.0,635.0,34.0,7750437.0,0
1.0,4403162.0,1007.0,2.0,1.0,4859.0,5532.0,5838.0,1.6031651E7,0
1.0,2.1246154E7,1502.0,2.0,2.0,10.0,76.0,101.0,171072.0,0
1.0,2932660.0,385.0,1.0,1.0,1161964.0,3123426.0,3149758.0,0.0,0
1.0,6434934.0,23777.0,1.0,1.0,14.0,10.0,17.0,1.2975183E7,0
1.0,2878230.0,23777.0,2.0,1.0,4.0,21.0,22.0,422992.0,0
1.0,2.1969869E7,3625.0,3.0,1.0,35695.0,57287.0,37868.0,5407847.0,0
1.0,4186735.0,10040.0,2.0,1.0,857.0,1404.0,1644.0,2974836.0,0
43.0,2.1406555E7,36940.0,2.0,1.0,3383.0,4208.0,1579.0,0.0,0
1.0,2.1299605E7,36491.0,2.0,2.0,50.0,7362.0,121.0,0.0,0
1.0,2.1293529E7,879.0,1.0,1.0,153729.0,460555.0,624463.0,830054.0,0
1.0,2.0448799E7,9146.0,2.0,1.0,21021.0,23818.0,66343.0,0.0,0
1.0,3107680.0,23777.0,3.0,2.0,922.0,2886.0,3154.0,1335226.0,0
1.0,4316056.0,7177.0,2.0,1.0,6534.0,18143.0,17534.0,860938.0,0
1.0,2.0273663E7,32674.0,2.0,2.0,183.0,1767.0,2144.0,1.4851974E7,0
1.0,2.0711342E7,27500.0,2.0,1.0,12.0,189.0,124.0,851020.0,0
5.0,4313662.0,570.0,3.0,2.0,11912.0,309618.0,416692.0,0.0,0
1.0,2.1161032E7,14347.0,3.0,3.0,101923.0,3960254.0,2161102.0,184934.0,0
1.0,2.1965646E7,38209.0,3.0,1.0,31249.0,362104.0,302480.0,4314920.0,0
1.0,2.0929318E7,35006.0,1.0,1.0,640998.0,2424189.0,1903574.0,2145348.0,0
8.0,3622971.0,23964.0,2.0,1.0,133030.0,695308.0,573777.0,45448.0,0
1.0,2.004421E7,18070.0,2.0,2.0,4650.0,379.0,765.0,923791.0,0
1.0,2.1163923E7,23808.0,3.0,1.0,436.0,798.0,37.0,355140.0,1
1.0,1.0110474E7,23808.0,2.0,1.0,2447.0,3078.0,141.0,5780455.0,0
3.0,2.064007E7,23808.0,2.0,2.0,1587.0,702.0,906.0,0.0,0
1.0,2.1287144E7,26982.0,3.0,3.0,343228.0,996527.0,1402404.0,0.0,0
1.0,2.0180685E7,27961.0,2.0,1.0,2491.0,486062.0,1201.0,0.0,0
1.0,2.1417791E7,36973.0,2.0,2.0,2885.0,81306.0,72680.0,401520.0,0
1.0,2.0224803E7,27961.0,2.0,2.0,27631.0,58015.0,238677.0,0.0,0
5.0,2.0159164E7,27961.0,1.0,1.0,175669.0,314221.0,276845.0,0.0,0
1.0,4407979.0,23808.0,3.0,2.0,18754.0,1631.0,645.0,3233199.0,0
1.0,2.0163497E7,27961.0,2.0,2.0,63.0,792.0,890.0,2170180.0,0
2.0,2.1251362E7,36336.0,2.0,1.0,17531.0,103923.0,103384.0,3465722.0,0
1.0,3495215.0,25262.0,2.0,2.0,329754.0,2528663.0,54007.0,0.0,0
1.0,2.1965424E7,38184.0,3.0,2.0,7495.0,223029.0,187599.0,212415.0,0
1.0,2.1963771E7,33931.0,3.0,2.0,5496.0,44925.0,41238.0,4596858.0,0
2.0,2.0221031E7,27961.0,2.0,1.0,77507.0,228881.0,31121.0,560488.0,0
1.0,2.0017078E7,23798.0,1.0,1.0,32715.0,4.0,36239.0,794729.0,0
1.0,2.2103473E7,38263.0,2.0,2.0,105.0,29.0,182.0,4601502.0,0
1.0,2683013.0,19472.0,2.0,2.0,352.0,13794.0,15771.0,3078211.0,0
1.0,2.0001378E7,1381.0,2.0,1.0,2284.0,261937.0,228697.0,229820.0,0
1.0,2.0680695E7,24162.0,1.0,1.0,61181.0,252.0,359.0,7189584.0,0
1.0,2.1259994E7,35824.0,3.0,2.0,711.0,18192.0,325.0,8870580.0,0
1.0,2.0644045E7,23808.0,1.0,1.0,2.0,1.0,3.0,49094.0,0
1.0,2.0385602E7,32041.0,2.0,2.0,15548.0,554304.0,493265.0,0.0,0
1.0,2.1434769E7,36722.0,2.0,2.0,34802.0,256820.0,5213.0,0.0,0
1.0,2.1019788E7,35208.0,2.0,1.0,2300.0,5231.0,5529.0,97234.0,0
2.0,4420684.0,28302.0,2.0,1.0,190.0,1873.0,2115.0,7592271.0,0
1.0,2.172729E7,37483.0,3.0,1.0,37248.0,1060492.0,801272.0,15920.0,0
1.0,7818605.0,11672.0,3.0,2.0,1663.0,5272.0,5595.0,0.0,0
1.0,2.0147157E7,27961.0,2.0,2.0,221.0,165.0,269.0,174011.0,0
1.0,2.21028E7,38574.0,3.0,1.0,8879.0,198628.0,169184.0,0.0,0
2.0,9027213.0,23808.0,2.0,1.0,1.0,0.0,0.0,2085617.0,0
1.0,2.1203646E7,35841.0,2.0,1.0,37688.0,91085.0,104823.0,5405472.0,0
1.0,2.1471998E7,37244.0,1.0,1.0,7967.0,13375.0,17611.0,0.0,1
1.0,2.0119807E7,29273.0,2.0,2.0,28.0,481.0,636.0,6662076.0,0
1.0,2.0163488E7,27961.0,2.0,2.0,60.0,2247.0,2669.0,5591300.0,0
1.0,2.0595493E7,33800.0,1.0,1.0,779.0,2374.0,2706.0,0.0,0
1.0,2.0800847E7,13032.0,2.0,2.0,32029.0,64887.0,59590.0,76.0,0
1.0,2.1429977E7,21453.0,3.0,1.0,4910.0,238088.0,61228.0,4370.0,0
1.0,2.0192679E7,27961.0,2.0,1.0,73922.0,166223.0,164577.0,0.0,0
1.0,4275089.0,10040.0,2.0,2.0,15080.0,51753.0,37445.0,2481610.0,0
1.0,7409247.0,26288.0,2.0,2.0,3028.0,84331.0,87692.0,1924704.0,0
1.0,2.1647336E7,37471.0,1.0,1.0,2132.0,15795.0,588.0,2.0445999E7,0
1.0,4363095.0,14311.0,2.0,2.0,722.0,1416353.0,124803.0,0.0,0
1.0,2.1208293E7,20702.0,2.0,2.0,31.0,5178.0,5502.0,1.3522281E7,0
1.0,2.1910883E7,37495.0,3.0,3.0,554.0,40565.0,11465.0,3158640.0,0
1.0,4423037.0,28387.0,2.0,2.0,9054.0,7930.0,2698.0,0.0,0
3.0,4272378.0,750.0,2.0,1.0,14364.0,78142.0,3311.0,2063609.0,1
1.0,2.0148827E7,27961.0,1.0,1.0,15409.0,21296.0,58196.0,2.3220771E7,0
1.0,4271311.0,23778.0,3.0,1.0,189.0,99.0,132.0,0.0,0
1.0,2.0183664E7,27961.0,3.0,2.0,540.0,11097.0,14636.0,0.0,0
1.0,2.0599585E7,33847.0,2.0,1.0,29609.0,106731.0,120547.0,1.1929398E7,0
1.0,2.0192559E7,27961.0,1.0,1.0,268.0,895.0,3560.0,0.0,0
1.0,4368766.0,5227.0,1.0,1.0,284639.0,2641092.0,532095.0,0.0,0
2.0,2.0147157E7,27961.0,1.0,1.0,96635.0,143116.0,132812.0,0.0,1
1.0,4412633.0,5250.0,2.0,2.0,3967.0,14152.0,30978.0,0.0,1
1.0,1.0770404E7,30157.0,3.0,1.0,596.0,1243.0,11594.0,0.0,0
1.0,2.0831042E7,34253.0,2.0,1.0,49824.0,165794.0,451083.0,1010457.0,0
1.0,8676724.0,1268.0,2.0,1.0,470.0,644.0,13.0,0.0,0
1.0,2.0900287E7,35011.0,1.0,1.0,48552.0,54330.0,887.0,2694341.0,1
1.0,9584565.0,23637.0,2.0,1.0,4703.0,352121.0,123.0,4927228.0,0
1.0,4254784.0,8043.0,3.0,1.0,164356.0,767845.0,760898.0,65865.0,0
1.0,2.2095836E7,38505.0,2.0,2.0,1286.0,3896.0,441.0,5868265.0,0
1.0,2.0183701E7,27961.0,2.0,1.0,227.0,543.0,642.0,0.0,0
1.0,2.2134267E7,38709.0,3.0,2.0,424.0,321688.0,265206.0,502684.0,0
1.0,2.0180229E7,27961.0,1.0,1.0,2052.0,1953.0,2257.0,8741003.0,1
1.0,2.02039E7,1502.0,2.0,2.0,388.0,1486.0,1925.0,539326.0,0
3.0,2.0075449E7,2332.0,1.0,1.0,7155.0,658.0,858.0,1.0328072E7,0
8.0,2940335.0,1680.0,2.0,2.0,14670.0,83180.0,84765.0,0.0,0
1.0,2.0361186E7,879.0,1.0,1.0,1076.0,2169.0,2267.0,6795156.0,1
1.0,4248308.0,10655.0,2.0,1.0,184789.0,570435.0,508958.0,631561.0,0
1.0,2.0358375E7,29178.0,3.0,3.0,2969.0,4369.0,5002.0,4379823.0,1
1.0,2.116234E7,1325.0,2.0,1.0,20955.0,52241.0,69373.0,1616453.0,1
1.0,2.038205E7,26244.0,2.0,1.0,77799.0,149865.0,37988.0,0.0,0
1.0,2.1219902E7,1400.0,2.0,2.0,31486.0,914861.0,731413.0,4977.0,0
1.0,2.0950173E7,35067.0,1.0,1.0,4608.0,5862.0,42.0,4047383.0,1
1.0,2.0607517E7,24124.0,2.0,2.0,2360.0,9985.0,98277.0,0.0,0
1.0,2.0562551E7,30627.0,2.0,1.0,1616.0,522753.0,203010.0,0.0,0
1.0,3701609.0,385.0,2.0,2.0,908294.0,2291515.0,1800950.0,0.0,0
1.0,2.1272608E7,36441.0,2.0,1.0,569.0,1290.0,294.0,7850355.0,1
1.0,4344197.0,21890.0,3.0,3.0,66398.0,322169.0,354486.0,0.0,0
1.0,2.0587779E7,24354.0,3.0,3.0,79615.0,214387.0,180029.0,0.0,0
1.0,2.1381845E7,35978.0,1.0,1.0,79399.0,414603.0,2750.0,2231980.0,0
1.0,3803920.0,23793.0,1.0,1.0,975.0,59.0,130.0,1.8154854E7,1
2.0,2.125944E7,10226.0,3.0,1.0,6916.0,358387.0,323054.0,0.0,0
2.0,2.1547846E7,37420.0,2.0,1.0,1252.0,2222.0,17251.0,1.3224955E7,1
1.0,1.0437268E7,28698.0,2.0,1.0,522.0,1564.0,1731.0,3566615.0,0
2.0,1762783.0,14428.0,3.0,2.0,3429.0,14470.0,314.0,0.0,0
1.0,2.0222696E7,27961.0,3.0,3.0,5165.0,295872.0,264050.0,340604.0,1
2.0,9027213.0,23808.0,2.0,2.0,1.0,0.0,0.0,3716546.0,1
2.0,2.1460603E7,13720.0,2.0,1.0,22559.0,605498.0,491326.0,1415242.0,1
2.0,2.0067154E7,23781.0,2.0,2.0,3.0,53.0,1.0,4380474.0,0
1.0,2.0425227E7,82.0,1.0,1.0,624.0,87.0,116.0,341135.0,0
1.0,3628293.0,14428.0,2.0,2.0,98304.0,135760.0,239.0,0.0,0
1.0,2.0138682E7,32464.0,1.0,1.0,1074.0,70874.0,71670.0,1.0498003E7,1
2.0,2.1229077E7,36219.0,3.0,1.0,2403.0,174310.0,801.0,0.0,0
6.0,3108224.0,23777.0,2.0,2.0,64424.0,151025.0,129626.0,0.0,0
1.0,4429897.0,26955.0,1.0,1.0,337475.0,747827.0,601151.0,0.0,0
1.0,2.1258112E7,2298.0,2.0,1.0,7808.0,12587.0,13458.0,4821953.0,0
1.0,2.068297E7,34200.0,3.0,1.0,51.0,259.0,361.0,9097004.0,0
1.0,2.075901E7,33931.0,1.0,1.0,511811.0,1242869.0,1661.0,0.0,0
2.0,2.0601293E7,2494.0,3.0,3.0,20656.0,2267.0,1005.0,711202.0,0
3.0,2.0163224E7,27961.0,2.0,2.0,2314.0,1956.0,2580.0,4477237.0,0
1.0,9585571.0,23637.0,1.0,1.0,32.0,1941.0,364.0,0.0,0
1.0,3208254.0,23777.0,3.0,1.0,51792.0,59163.0,53329.0,264915.0,1
1.0,9820258.0,27779.0,1.0,1.0,55532.0,884156.0,796699.0,1729443.0,1
3.0,2.0599467E7,33847.0,3.0,3.0,620.0,192416.0,162316.0,0.0,0
4.0,5059558.0,26286.0,1.0,1.0,250.0,303.0,527.0,1.2167053E7,0
2.0,2.0108617E7,32367.0,1.0,1.0,34105.0,186.0,64.0,515768.0,0
1.0,1.0400462E7,25472.0,1.0,1.0,652320.0,1710608.0,982.0,0.0,1
1.0,2.0595493E7,33800.0,3.0,1.0,4029.0,4223.0,668.0,1060374.0,1
3.0,2.0946669E7,35067.0,3.0,2.0,7721.0,7890.0,42.0,0.0,0
1.0,2.1020973E7,35091.0,3.0,1.0,1564.0,41211.0,5866.0,0.0,0
1.0,1.0937884E7,29713.0,1.0,1.0,870.0,6920.0,7121.0,2176654.0,0
1.0,4291736.0,2051.0,2.0,2.0,81825.0,6435.0,63.0,168429.0,0
1.0,2.0222693E7,27961.0,2.0,1.0,326.0,215.0,319.0,4129734.0,1
1.0,2.088669E7,34840.0,3.0,3.0,206.0,551.0,826.0,595670.0,0
1.0,2.0350268E7,7279.0,1.0,1.0,26874.0,110352.0,101788.0,1337016.0,0
1.0,1563809.0,14809.0,2.0,1.0,11084.0,124503.0,113473.0,0.0,0
1.0,2.0207781E7,781.0,1.0,1.0,71.0,3400.0,860.0,2.1551715E7,0
1.0,2.1313612E7,14815.0,2.0,2.0,9441.0,164344.0,10849.0,44570.0,0
1.0,2.1723608E7,37539.0,2.0,1.0,535.0,52349.0,25956.0,1.2304546E7,0
1.0,3127668.0,25094.0,2.0,2.0,113690.0,1393816.0,671657.0,519364.0,0
1.0,9585571.0,23637.0,2.0,1.0,32.0,236.0,112.0,410194.0,0
1.0,2.0595952E7,23040.0,1.0,1.0,69670.0,169712.0,9221.0,0.0,0
1.0,3750756.0,1890.0,1.0,1.0,93656.0,128068.0,13281.0,206604.0,0
1.0,2.0692302E7,12073.0,3.0,2.0,63112.0,3293796.0,2575037.0,0.0,0
1.0,1848322.0,3814.0,3.0,3.0,11241.0,159171.0,141959.0,0.0,0
1.0,2.1045643E7,1680.0,3.0,1.0,12204.0,135651.0,86786.0,3707.0,0
1.0,2.1312739E7,28296.0,2.0,2.0,44.0,2345.0,1223.0,4759307.0,0
1.0,2.0174713E7,27961.0,1.0,1.0,13928.0,13917.0,15794.0,314123.0,0
1.0,2.0908196E7,35088.0,3.0,2.0,0.0,43.0,50.0,8617993.0,0
1.0,2.038378E7,33357.0,2.0,1.0,27941.0,196302.0,185210.0,0.0,0
1.0,1848348.0,3814.0,3.0,2.0,23825.0,204987.0,186383.0,0.0,0
1.0,3013321.0,10325.0,2.0,2.0,3835.0,9080.0,41.0,3727965.0,0
2.0,2.0347392E7,18871.0,1.0,1.0,10949.0,11825.0,12864.0,9711.0,0
2.0,2.1230452E7,36220.0,3.0,2.0,262.0,27547.0,591.0,0.0,0
1.0,5760021.0,2133.0,3.0,3.0,6061.0,4321.0,4673.0,1789283.0,0
1.0,1.0950714E7,30691.0,2.0,1.0,45141.0,1746537.0,1231947.0,0.0,0
1.0,2.0643971E7,23808.0,2.0,1.0,2510.0,9.0,9.0,1921689.0,0
1.0,3074073.0,23777.0,1.0,1.0,14194.0,17096.0,16566.0,365931.0,0
1.0,1544199.0,1185.0,1.0,1.0,8204.0,9749.0,12353.0,302278.0,1
1.0,6434934.0,23777.0,2.0,1.0,14.0,10.0,17.0,1679227.0,1
1.0,2.1134703E7,23807.0,2.0,1.0,1520.0,967.0,8.0,1.5966374E7,0
1.0,2.0718487E7,3625.0,2.0,1.0,36.0,1770.0,1304.0,4834298.0,1
1.0,2.1163927E7,23808.0,1.0,1.0,3859.0,5536.0,136.0,2075868.0,0
1.0,2.0044084E7,18070.0,1.0,1.0,2183.0,29404.0,956.0,4587377.0,1
2.0,1.0593106E7,1268.0,3.0,3.0,3690.0,83855.0,2.0,0.0,0
1.0,2.0327184E7,22740.0,2.0,1.0,3478.0,75174.0,226077.0,2531809.0,0
1.0,1.0959312E7,30880.0,2.0,1.0,67833.0,198838.0,214073.0,370704.0,0
1.0,2.1127026E7,7979.0,2.0,2.0,3334.0,30468.0,14024.0,638853.0,0
1.0,2.019299E7,27961.0,2.0,2.0,4.0,60.0,206.0,1084148.0,0
3.0,2.136974E7,16951.0,2.0,1.0,157.0,4567.0,5035.0,2755692.0,1
1.0,2.132029E7,35831.0,1.0,1.0,78.0,229.0,327.0,1.609477E7,1
1.0,1474880.0,6341.0,1.0,1.0,8751.0,11750.0,38879.0,6715114.0,0
1.0,1.0863287E7,30495.0,3.0,2.0,145908.0,799096.0,798113.0,248711.0,0
1.0,2.0075449E7,2332.0,2.0,1.0,4686.0,658.0,858.0,6931324.0,1
1.0,2.1229157E7,20934.0,2.0,1.0,1042211.0,3171073.0,2482182.0,26577.0,0
1.0,2.0067145E7,23781.0,1.0,1.0,858.0,8.0,1.0,1.2945686E7,0
1.0,2.0185489E7,27961.0,2.0,2.0,55.0,75.0,108.0,0.0,0
1.0,2.1471218E7,37186.0,2.0,2.0,59.0,9215.0,4159.0,728437.0,0
1.0,2.1645984E7,36251.0,3.0,2.0,1745.0,43345.0,88057.0,0.0,0
1.0,2.0665843E7,4004.0,2.0,1.0,11775.0,41696.0,587.0,1.1940276E7,1
1.0,7103486.0,23777.0,1.0,1.0,233.0,127.0,138.0,0.0,1
1.0,2.1162355E7,1325.0,2.0,1.0,50543.0,123138.0,119956.0,1408393.0,0
1.0,2.0012659E7,30345.0,2.0,2.0,6534.0,4689.0,5397.0,3941405.0,0
1.0,4227800.0,13049.0,2.0,2.0,125889.0,228545.0,217198.0,324.0,0
2.0,2.1783767E7,37654.0,3.0,1.0,23682.0,209010.0,177134.0,122344.0,0
1.0,2.0214583E7,2387.0,3.0,1.0,5498.0,8212.0,9119.0,9093492.0,0
1.0,2.1162461E7,1325.0,2.0,2.0,10340.0,31404.0,35046.0,4976475.0,0
1.0,2.0876635E7,34760.0,1.0,1.0,1784.0,34.0,40.0,2.0085309E7,0
1.0,2.1522776E7,37422.0,2.0,1.0,0.0,12.0,4.0,4620506.0,0
1.0,2.0140368E7,14327.0,1.0,1.0,2911.0,722.0,11620.0,6892330.0,0
2.0,6826631.0,19784.0,2.0,1.0,724.0,3715.0,4311.0,3611909.0,0
1.0,2.0185603E7,27961.0,2.0,2.0,6038.0,6694.0,7890.0,0.0,0
1.0,4344041.0,2051.0,1.0,1.0,71.0,151.0,218.0,8172139.0,0
1.0,2.0975302E7,35306.0,3.0,2.0,941.0,3099.0,3490.0,0.0,0
2.0,2.0681585E7,15793.0,1.0,1.0,624.0,834078.0,460406.0,1240.0,1
1.0,1.0397447E7,23808.0,1.0,1.0,21.0,16.0,15.0,0.0,1
2.0,2756788.0,26330.0,1.0,1.0,428.0,11001.0,10326.0,1.9246075E7,0
1.0,7727738.0,25928.0,1.0,1.0,4050.0,5913.0,7447.0,0.0,0
1.0,2.11641E7,24130.0,2.0,1.0,211022.0,668008.0,343067.0,0.0,1
1.0,9027425.0,23808.0,1.0,1.0,30126.0,13216.0,13027.0,2.1610733E7,1
1.0,2.0162119E7,27961.0,2.0,2.0,2979.0,4609.0,5279.0,33495.0,0
1.0,2.1202435E7,36041.0,1.0,1.0,3767.0,28300.0,920.0,0.0,0
1.0,2.1261705E7,36135.0,1.0,1.0,18.0,893.0,1112.0,1694542.0,0
74.0,2.1299885E7,34139.0,3.0,1.0,114.0,8096.0,3402.0,0.0,1
1.0,3048013.0,23782.0,1.0,1.0,4088.0,2670.0,3212.0,1134003.0,0
1.0,2.0575575E7,8873.0,1.0,1.0,46481.0,189035.0,4274.0,1.8953301E7,0
5.0,2.1225414E7,36145.0,3.0,2.0,13356.0,204539.0,15279.0,0.0,0
1.0,6434912.0,23777.0,2.0,2.0,16.0,36.0,44.0,6870218.0,0
1.0,2.0001263E7,1381.0,3.0,2.0,873.0,2883.0,3796.0,89734.0,0
2.0,3343050.0,23299.0,2.0,1.0,25048.0,335029.0,328705.0,0.0,0
2.0,4285952.0,23778.0,1.0,1.0,66.0,19.0,66.0,544383.0,0
1.0,2.0218318E7,11310.0,2.0,2.0,578491.0,3937278.0,3077421.0,1.0471611E7,0
1.0,2.1442309E7,36620.0,2.0,2.0,157192.0,8316.0,336650.0,1.1908296E7,0
1.0,2.1204266E7,2078.0,2.0,1.0,93047.0,2369547.0,1864519.0,164017.0,0
3.0,2.1135649E7,1325.0,1.0,1.0,635560.0,3956082.0,1926.0,0.0,0
16.0,2.1477658E7,28698.0,1.0,1.0,18285.0,99667.0,177.0,0.0,1
1.0,6826783.0,10805.0,1.0,1.0,286183.0,568061.0,1009702.0,627566.0,1
1.0,2.0192676E7,27961.0,2.0,2.0,10190.0,71512.0,74125.0,0.0,0
5467.0,9027238.0,23808.0,2.0,2.0,134.0,74.0,94.0,0.0,1
1.0,2.146527E7,37115.0,1.0,1.0,45018.0,1133145.0,876505.0,1804632.0,0
1.0,2.1471244E7,36826.0,2.0,1.0,3794.0,200363.0,168285.0,6555253.0,1
1.0,2.0188695E7,24124.0,1.0,1.0,1145.0,4812.0,151.0,1.0715817E7,0
1.0,2.1925324E7,23807.0,3.0,2.0,10710.0,65669.0,58966.0,0.0,0
1.0,3853577.0,10040.0,1.0,1.0,22474.0,1385.0,1625.0,0.0,0
1.0,2.1162526E7,1325.0,2.0,1.0,10.0,24.0,25.0,2293283.0,0
4.0,3495307.0,6507.0,3.0,3.0,246.0,436.0,4465.0,32919.0,0
1.0,2.1225439E7,36220.0,2.0,2.0,4357.0,32761.0,591.0,9552.0,0
1.0,2.0644045E7,23808.0,2.0,1.0,2.0,1.0,3.0,8046210.0,0
1.0,2.1522776E7,37422.0,3.0,1.0,0.0,26.0,28.0,1.0573911E7,0
1.0,2.0595493E7,33800.0,1.0,1.0,39763.0,96895.0,668.0,2.3731842E7,0
1.0,2.1718793E7,37579.0,3.0,1.0,135078.0,1274051.0,42745.0,22076.0,0
1.0,8033558.0,17284.0,3.0,3.0,65129.0,3884629.0,4210.0,0.0,0
1.0,2.1115592E7,23279.0,2.0,2.0,299802.0,1806803.0,1712296.0,169908.0,0
2.0,2.0871366E7,3625.0,2.0,1.0,161887.0,3702899.0,2402458.0,3933173.0,0
1.0,4323440.0,12248.0,2.0,1.0,8601.0,15010.0,14654.0,3547975.0,1
1.0,2.1127653E7,10200.0,1.0,1.0,14290.0,33699.0,2924.0,1307175.0,0
1.0,2.0180629E7,27961.0,2.0,2.0,34.0,328.0,455.0,389307.0,0
1.0,2.135445E7,36735.0,2.0,1.0,1565.0,4201.0,5487.0,338488.0,0
1.0,2.1770596E7,27482.0,1.0,1.0,15385.0,12726.0,6.0,1.9355957E7,0
1.0,2.1360115E7,23777.0,2.0,2.0,31.0,1576.0,158.0,6878147.0,0
3.0,1.0404996E7,29624.0,1.0,1.0,50414.0,196883.0,176459.0,70262.0,0
2.0,4251318.0,17151.0,1.0,1.0,35094.0,188418.0,178230.0,0.0,0
1.0,2.2137737E7,3625.0,3.0,1.0,2601.0,216150.0,573.0,0.0,0
1.0,9027637.0,23808.0,2.0,2.0,397.0,108.0,146.0,1.4060796E7,0
1.0,2.1787E7,37359.0,2.0,1.0,26.0,67.0,84.0,4356574.0,0
1.0,2.1116651E7,35684.0,2.0,1.0,1680.0,117253.0,125844.0,4735376.0,0
3.0,2.0067154E7,23781.0,3.0,2.0,7.0,94.0,1.0,368748.0,0
1.0,2547343.0,10040.0,3.0,3.0,5135.0,135210.0,137681.0,22497.0,0
1.0,2.0148736E7,27961.0,2.0,1.0,2252.0,11971.0,11436.0,734642.0,0
1.0,2.0448047E7,5267.0,2.0,2.0,192.0,2227.0,7036.0,0.0,0
1.0,9027213.0,23808.0,1.0,1.0,1.0,0.0,0.0,1.9171023E7,1
1.0,2.2073671E7,35668.0,2.0,2.0,24669.0,58851.0,53057.0,1.562231E7,0
1.0,2.0170556E7,27961.0,2.0,2.0,64.0,717.0,1024.0,1.2703113E7,0
1.0,2.0174985E7,23795.0,1.0,1.0,198.0,3.0,7.0,1270425.0,1
1.0,2.0960406E7,35105.0,1.0,1.0,6331.0,37531.0,35325.0,5704386.0,0
1.0,4317563.0,2244.0,2.0,2.0,1590.0,39776.0,25228.0,200487.0,0
2.0,2.1259307E7,1303.0,1.0,1.0,66069.0,125630.0,6177.0,2612542.0,0
1.0,4318626.0,19820.0,3.0,1.0,1140.0,13244.0,13057.0,2865215.0,1
1.0,4308836.0,8863.0,2.0,1.0,3539.0,38328.0,3468.0,1.383811E7,0
1.0,2.1045406E7,23808.0,2.0,1.0,7249.0,13431.0,286.0,1.4188794E7,0
1.0,2.1162357E7,1325.0,2.0,2.0,171.0,649.0,1091.0,0.0,0
1.0,2.1205791E7,29914.0,2.0,2.0,18.0,1715.0,571.0,0.0,0
1.0,2.1442042E7,37039.0,3.0,1.0,58842.0,465928.0,302759.0,0.0,0
2.0,2.1400891E7,1870.0,2.0,1.0,177320.0,637607.0,533292.0,1123376.0,0
1.0,2.1920339E7,37956.0,2.0,1.0,17.0,93.0,171.0,8709862.0,0
1.0,2.0762406E7,29936.0,2.0,2.0,12469.0,78616.0,109370.0,2267977.0,0
1.0,2.1206177E7,35983.0,2.0,2.0,9885.0,7502.0,315.0,3881870.0,0
1.0,8676724.0,1268.0,2.0,1.0,40.0,45.0,13.0,391674.0,0
1.0,2.0814276E7,4832.0,1.0,1.0,123267.0,185592.0,260536.0,0.0,0
1.0,2.014123E7,28698.0,2.0,1.0,33880.0,22613.0,17675.0,1983042.0,1
2.0,9027215.0,23808.0,2.0,2.0,995.0,387.0,514.0,2441054.0,0
1.0,2.0183698E7,27961.0,2.0,2.0,85087.0,261168.0,220563.0,6814958.0,0
1.0,4381483.0,10921.0,2.0,1.0,37360.0,177240.0,160162.0,438.0,0
1.0,2.1163923E7,23808.0,2.0,1.0,4303.0,7063.0,34.0,802687.0,0
1.0,2.096727E7,35080.0,2.0,2.0,3318.0,1609154.0,704962.0,2514.0,0
1.0,1.0309949E7,28492.0,3.0,2.0,18.0,425.0,580.0,856097.0,0
1.0,2.0375981E7,32669.0,2.0,1.0,20830.0,710147.0,16030.0,5024278.0,1
1.0,2.1162422E7,1325.0,2.0,2.0,14715.0,40835.0,42648.0,6032001.0,0
1.0,2.1140592E7,2925.0,3.0,3.0,23.0,10760.0,16813.0,5069470.0,0
1.0,2.0884511E7,30733.0,2.0,1.0,66288.0,333831.0,329273.0,366883.0,0
1.0,4339083.0,1267.0,3.0,1.0,3784.0,43678.0,335.0,0.0,0
2.0,2.0908196E7,35088.0,3.0,2.0,0.0,2.0,5.0,2837314.0,0
1.0,2.0185489E7,27961.0,2.0,2.0,55.0,75.0,108.0,0.0,0
1.0,2.1162491E7,1325.0,1.0,1.0,87930.0,216350.0,45.0,3000341.0,0
1.0,2.0667222E7,34113.0,2.0,1.0,9403.0,20007.0,20445.0,1.4997715E7,0
1.0,2.1522776E7,37422.0,3.0,1.0,0.0,25.0,4.0,1.0991869E7,0
1.0,2.0889026E7,23807.0,1.0,1.0,11.0,5.0,11.0,1.8210185E7,1
1.0,2.0061263E7,23803.0,1.0,1.0,17985.0,1667.0,793.0,1.7021108E7,0
1.0,2.1832219E7,30627.0,1.0,1.0,86.0,2149.0,1866.0,8295552.0,0
1.0,2.0003989E7,1381.0,2.0,2.0,8694.0,36822.0,26574.0,0.0,0
1.0,2.0813902E7,4832.0,1.0,1.0,1375.0,5136.0,5678.0,309454.0,0
1.0,2.0164261E7,27961.0,1.0,1.0,1288.0,6129.0,7312.0,1577336.0,0
1.0,2.0908196E7,35088.0,3.0,2.0,0.0,2.0,5.0,9306817.0,0
1.0,8184894.0,24354.0,2.0,1.0,660.0,2203.0,2455.0,2765.0,0
1.0,3827183.0,23792.0,1.0,1.0,834.0,61.0,77.0,1.7669141E7,0
1.0,2.0900491E7,2401.0,1.0,1.0,210.0,1291.0,662.0,1471050.0,1
1.0,2.0001249E7,1381.0,2.0,2.0,1173.0,6259.0,7313.0,5201349.0,0
1.0,2.1432374E7,4004.0,1.0,1.0,725645.0,2432293.0,1813375.0,4900298.0,0
1.0,2.0174693E7,27961.0,1.0,1.0,11164.0,19777.0,4830.0,0.0,1
1.0,2.0175486E7,24354.0,3.0,3.0,1977.0,79.0,199.0,5808920.0,0
1.0,2.031133E7,18070.0,3.0,2.0,276.0,443.0,620.0,148114.0,0
1.0,2.0715242E7,3625.0,2.0,1.0,2440.0,290000.0,240631.0,0.0,0
1.0,2.0223113E7,27961.0,3.0,2.0,9922.0,24640.0,23551.0,2205162.0,0
2.0,2.1340345E7,36665.0,2.0,2.0,19187.0,86209.0,675.0,9308047.0,1
1.0,2.0445084E7,33269.0,3.0,1.0,31488.0,111931.0,17087.0,0.0,0
2.0,2.1103835E7,35380.0,2.0,2.0,20819.0,126515.0,62044.0,8815.0,0
1.0,2.0774519E7,15794.0,2.0,2.0,17540.0,695524.0,667874.0,4322955.0,0
1.0,2.1162443E7,1325.0,2.0,1.0,75179.0,328817.0,322965.0,1555691.0,0
1.0,2.1163921E7,23808.0,2.0,1.0,437.0,1410.0,38.0,4709728.0,1
1.0,4456038.0,23777.0,2.0,1.0,1244.0,154.0,226.0,77639.0,1
1.0,4285938.0,23778.0,2.0,2.0,8.0,19.0,83.0,223238.0,0
1.0,2.1163924E7,23808.0,2.0,1.0,90.0,1651.0,67.0,83898.0,0
1.0,2.036029E7,4218.0,1.0,1.0,730.0,1022.0,1932.0,6972000.0,0
5.0,2.100694E7,35264.0,2.0,1.0,32098.0,92288.0,75835.0,61.0,0
1.0,2.014734E7,27961.0,1.0,1.0,4355.0,5072.0,5803.0,1.6926597E7,0
1.0,2.064E7,23808.0,2.0,1.0,263.0,52.0,61.0,2033716.0,1
1.0,2.0443189E7,2292.0,2.0,1.0,501.0,2044.0,2541.0,1.6024865E7,0
1.0,2.1090281E7,34691.0,3.0,3.0,38448.0,152.0,219.0,0.0,0
1.0,2.1102903E7,35561.0,1.0,1.0,482.0,6919.0,9418.0,0.0,0
1.0,2.0363548E7,1340.0,2.0,2.0,38084.0,33.0,118332.0,0.0,0
1.0,2.1045452E7,34928.0,2.0,1.0,17055.0,982602.0,571361.0,963014.0,0
1.0,2751003.0,20248.0,3.0,1.0,24916.0,4916.0,195628.0,2713462.0,1
7.0,2.092018E7,35006.0,2.0,1.0,30542.0,317688.0,270914.0,0.0,0
1.0,2.1947207E7,30627.0,3.0,1.0,19803.0,1082842.0,47517.0,285270.0,0
1.0,2939465.0,385.0,1.0,1.0,217071.0,664346.0,535686.0,208679.0,0
9.0,3334541.0,20002.0,1.0,1.0,49112.0,101813.0,90510.0,0.0,0
1.0,2.0403478E7,24036.0,2.0,1.0,152.0,358.0,2654.0,762402.0,0
2.0,9692038.0,737.0,3.0,3.0,8963.0,207774.0,182578.0,0.0,0
1.0,2.000451E7,29966.0,2.0,1.0,94262.0,505247.0,433683.0,0.0,0
1.0,2.0945323E7,24124.0,3.0,1.0,77.0,3377.0,11807.0,0.0,0
1.0,7955156.0,6520.0,3.0,1.0,3774.0,28221.0,29231.0,0.0,0
1.0,2.1591874E7,37477.0,2.0,1.0,1188.0,10732.0,10744.0,0.0,0
1.0,2.0885621E7,2010.0,3.0,1.0,4777.0,9707.0,10962.0,1334495.0,1
1.0,2376433.0,20189.0,2.0,1.0,41971.0,145951.0,125858.0,0.0,0
1.0,2.0776148E7,2203.0,2.0,1.0,11892.0,11033.0,21425.0,58895.0,0
1.0,2.1274536E7,36462.0,2.0,1.0,1844.0,67023.0,168110.0,826595.0,0
1.0,2.0427302E7,4162.0,2.0,1.0,19020.0,179193.0,156302.0,21567.0,0
1.0,2.0588401E7,33692.0,2.0,2.0,177.0,1020.0,1336.0,127012.0,1
1.0,3834142.0,27485.0,2.0,2.0,8.0,97.0,59.0,554833.0,0
1.0,2.0574486E7,854.0,1.0,1.0,255416.0,715369.0,770733.0,181806.0,0
1.0,2.0945106E7,35138.0,1.0,1.0,796.0,10251.0,9368.0,1.5918332E7,0
1.0,2.1787E7,37359.0,2.0,1.0,4.0,67.0,84.0,7907075.0,0
1.0,1.0615391E7,29334.0,1.0,1.0,6233.0,17049.0,6875.0,1984433.0,0
1.0,2.0163591E7,27961.0,2.0,1.0,286849.0,717986.0,695280.0,2577.0,0
1.0,4312661.0,12229.0,3.0,3.0,7839.0,16109.0,18887.0,0.0,0
3.0,1.0593105E7,1268.0,3.0,2.0,7977.0,6418.0,2.0,0.0,0
1.0,2.0183541E7,27961.0,1.0,1.0,1367.0,4019.0,4446.0,4879542.0,1
1.0,6435090.0,23777.0,2.0,1.0,559.0,975.0,1182.0,2716132.0,0
3.0,1.0787436E7,30362.0,2.0,1.0,14991.0,26977.0,29197.0,0.0,0
1.0,2.0644183E7,33683.0,2.0,1.0,27729.0,207393.0,5195.0,26209.0,0
1.0,3923565.0,1998.0,2.0,2.0,13183.0,1049.0,28853.0,479249.0,0
1.0,2.0314623E7,23828.0,2.0,1.0,29355.0,28583.0,140.0,3748977.0,1
2.0,1.0321578E7,24354.0,2.0,2.0,6431.0,15774.0,11190.0,141676.0,0
1.0,2.1927553E7,38100.0,3.0,2.0,59.0,7309.0,7379.0,1.0628567E7,0
1.0,2.1271426E7,4983.0,1.0,1.0,14387.0,64102.0,6216.0,0.0,0
1.0,6434928.0,23777.0,1.0,1.0,846.0,545.0,722.0,2081837.0,0
1.0,4291756.0,2051.0,2.0,1.0,20500.0,4405.0,63.0,4701.0,0
1.0,2.1325116E7,36548.0,2.0,2.0,1491.0,2625.0,4215.0,9513911.0,1
1.0,2.0163631E7,27961.0,2.0,2.0,1504.0,1423.0,1961.0,0.0,0
1.0,3048013.0,23782.0,1.0,1.0,6719.0,4678.0,885.0,1.7648332E7,1
1.0,2.1522776E7,37422.0,2.0,1.0,0.0,25.0,4.0,1.6092741E7,0
1.0,6435109.0,23777.0,1.0,1.0,917.0,2605.0,2877.0,603556.0,0
2.0,2.0969784E7,35215.0,1.0,1.0,3179.0,23863.0,14021.0,1969699.0,0
1.0,2.0174982E7,23795.0,1.0,1.0,81682.0,3.0,7.0,1.9239333E7,0
1.0,2.1718695E7,37579.0,3.0,3.0,1243.0,19706.0,18991.0,4759923.0,1
4.0,3066490.0,23786.0,1.0,1.0,2088.0,1335.0,115.0,1.053023E7,1
1.0,2.1477578E7,28698.0,2.0,2.0,6.0,16432.0,15967.0,9823111.0,0
1.0,1.0867958E7,30428.0,2.0,2.0,4795.0,10692.0,10703.0,1.4956231E7,0
1.0,4285948.0,23778.0,1.0,1.0,676.0,19.0,376.0,2.1550866E7,0
1.0,9784917.0,23471.0,3.0,3.0,19080.0,281291.0,10974.0,1612.0,0
1.0,2.0595078E7,854.0,2.0,2.0,4757.0,7712.0,9004.0,1.3595878E7,0
1.0,2.1328825E7,34178.0,2.0,1.0,59087.0,183534.0,444.0,2246798.0,1
1.0,2.1390407E7,28360.0,2.0,1.0,73779.0,1064422.0,849520.0,7325595.0,0
1.0,2.031167E7,18070.0,2.0,2.0,233994.0,276.0,385.0,0.0,0
1.0,2.1920339E7,37956.0,1.0,1.0,988.0,80.0,105.0,5989065.0,0
1.0,2.0183538E7,27961.0,1.0,1.0,4479.0,3066.0,3335.0,2.3907337E7,0
2.0,4336676.0,2051.0,1.0,1.0,1192.0,799.0,981.0,0.0,0
1.0,2.0595493E7,33800.0,3.0,3.0,234.0,2032.0,2516.0,0.0,0
1.0,2.1163925E7,23808.0,2.0,2.0,20388.0,52033.0,148.0,4016762.0,1
1.0,4351094.0,2051.0,2.0,1.0,61.0,170.0,249.0,3201111.0,0
2.0,2.2004968E7,879.0,3.0,1.0,41.0,769.0,959.0,2874618.0,1
2.0,2.0066424E7,2387.0,2.0,1.0,71.0,15009.0,193.0,1928.0,0
1.0,2.213027E7,37465.0,3.0,1.0,373.0,2539.0,125.0,9991734.0,0
1.0,5858822.0,23796.0,1.0,1.0,282.0,6.0,12.0,5164625.0,0
4.0,2.1715827E7,18207.0,3.0,1.0,23373.0,350367.0,288284.0,0.0,1
1.0,1.0939496E7,29713.0,1.0,1.0,22408.0,21116.0,20281.0,1.96406E7,0
1.0,8676728.0,1268.0,3.0,1.0,172.0,507.0,13.0,197518.0,0
1.0,1.0223066E7,11173.0,1.0,1.0,414.0,29432.0,29062.0,1.9902662E7,0
2.0,4244198.0,27547.0,1.0,1.0,1010.0,1500.0,1967.0,1171647.0,0
1.0,1.0588438E7,24354.0,3.0,3.0,132.0,382.0,691.0,0.0,0
1.0,2.0664766E7,24107.0,3.0,2.0,159048.0,252578.0,221628.0,5438966.0,0
1.0,2.1163924E7,23808.0,2.0,1.0,45699.0,103123.0,67.0,1.3790863E7,1
1.0,2.1400928E7,36897.0,2.0,1.0,973.0,21359.0,480.0,56021.0,0
2.0,4244198.0,27547.0,1.0,1.0,1010.0,1500.0,1967.0,2627822.0,0
1.0,2.0218259E7,23801.0,1.0,1.0,5432.0,6780.0,1283.0,2.0430132E7,0
1.0,2.0604437E7,7229.0,2.0,2.0,130.0,167.0,246.0,5493224.0,0
1.0,1.0400492E7,29198.0,1.0,1.0,4222.0,20061.0,19564.0,0.0,0
1.0,3110570.0,23777.0,1.0,1.0,2566.0,3304.0,3587.0,2812800.0,1
1.0,3208126.0,23777.0,1.0,1.0,44999.0,49203.0,44952.0,2.0715093E7,0
1.0,2.2002401E7,38263.0,3.0,2.0,105.0,168.0,88.0,5934414.0,0
1.0,2.1119452E7,35491.0,2.0,1.0,2569.0,38285.0,44352.0,1.469121E7,0
1.0,2.1402173E7,36906.0,2.0,2.0,333.0,841.0,6812.0,1595542.0,0
1.0,4236123.0,13569.0,3.0,2.0,9053.0,7195.0,39241.0,0.0,0
2.0,9027213.0,23808.0,2.0,1.0,1.0,0.0,0.0,497280.0,1
2.0,3126697.0,23777.0,1.0,1.0,5.0,47.0,57.0,1.0239998E7,0
3.0,2.1006749E7,35369.0,2.0,1.0,20352.0,212599.0,185209.0,4867.0,0
1.0,2.1234218E7,8281.0,2.0,2.0,3144.0,92573.0,55710.0,0.0,0
1.0,2.1292889E7,29532.0,2.0,1.0,6609.0,234691.0,196827.0,3638092.0,0
1.0,2.003015E7,23799.0,3.0,2.0,3.0,15.0,19.0,3382065.0,1
1.0,2.066083E7,10554.0,3.0,2.0,40835.0,1089612.0,12109.0,0.0,0
1.0,2.0223967E7,27961.0,2.0,2.0,92292.0,268265.0,235518.0,3295.0,0
1.0,2.0815834E7,2387.0,2.0,2.0,339909.0,1497018.0,1349127.0,3088307.0,1
1.0,1.0224043E7,28138.0,3.0,1.0,3515.0,256306.0,43232.0,8028341.0,0
1.0,2.1162259E7,1325.0,1.0,1.0,218245.0,612705.0,550400.0,0.0,1
1.0,9584136.0,23637.0,3.0,3.0,422.0,623.0,96.0,492418.0,0
1.0,2.0180609E7,27961.0,2.0,1.0,329.0,1877.0,2171.0,1521291.0,1
1.0,2.196691E7,36873.0,2.0,1.0,50510.0,600751.0,229897.0,110711.0,0
1.0,2.0887107E7,34951.0,2.0,2.0,507.0,8149.0,509.0,8265.0,0
6.0,1.095099E7,1268.0,2.0,2.0,3925.0,22543.0,2.0,0.0,0
1.0,6274887.0,4983.0,2.0,1.0,80178.0,219667.0,206644.0,1336641.0,1
1.0,2365389.0,1502.0,2.0,1.0,107.0,155.0,241.0,1555438.0,0
1.0,2.0974419E7,35356.0,2.0,1.0,19048.0,19132.0,20526.0,82865.0,0
1.0,2.1520015E7,37331.0,2.0,1.0,157.0,17743.0,17163.0,1.5329387E7,1
1.0,2.1111954E7,35627.0,2.0,1.0,4801.0,6095.0,6370.0,747899.0,1
1.0,2.1183705E7,35100.0,2.0,2.0,299.0,3100.0,3381.0,1.4470215E7,0
1.0,2.1964275E7,38089.0,2.0,1.0,67845.0,1510986.0,1141801.0,2787258.0,0
1.0,2.1522776E7,37422.0,2.0,2.0,0.0,12.0,4.0,1.6349152E7,0
1.0,3111003.0,23777.0,3.0,2.0,889.0,1208.0,1426.0,543752.0,0
1.0,2.0002588E7,29735.0,3.0,2.0,5140.0,231410.0,194311.0,0.0,0
1.0,2.0664765E7,24107.0,2.0,1.0,28108.0,1648.0,2051.0,1.5496452E7,1
1.0,2.1367816E7,36641.0,2.0,2.0,90.0,7224.0,3714.0,6512652.0,0
1.0,2.0658756E7,4218.0,2.0,1.0,431.0,411.0,96311.0,489246.0,0
1.0,8676728.0,1268.0,1.0,1.0,154.0,362.0,13.0,1.9481789E7,1
1.0,2.0640001E7,23808.0,1.0,1.0,252.0,115.0,160.0,282787.0,0
1.0,2.0967157E7,16357.0,2.0,1.0,9055.0,18210.0,18070.0,274642.0,0
1.0,2.1193219E7,35900.0,3.0,1.0,5.0,141.0,187.0,258115.0,0
1.0,2.154765E7,37435.0,2.0,1.0,7074.0,234428.0,21136.0,3072703.0,0
1.0,2.0185489E7,27961.0,3.0,2.0,55.0,75.0,108.0,285673.0,0
1.0,2.0163591E7,27961.0,1.0,1.0,9.0,18.0,27.0,4297941.0,0
1.0,6454180.0,24173.0,1.0,1.0,4828.0,77.0,102.0,9125240.0,0
1.0,2.0774383E7,34333.0,2.0,1.0,80616.0,236439.0,17617.0,977377.0,1
1.0,2.2095855E7,38532.0,1.0,1.0,48.0,63939.0,2034.0,1668890.0,0
1.0,2.0759379E7,33847.0,2.0,1.0,353885.0,2663985.0,2091036.0,81877.0,0
1.0,2.0639997E7,23808.0,1.0,1.0,664.0,1499.0,1762.0,1808078.0,0
4.0,1.0295583E7,28534.0,3.0,2.0,230658.0,1048681.0,1070038.0,0.0,0
1.0,2.1113686E7,10040.0,2.0,2.0,4624.0,10074.0,11715.0,416933.0,0
1.0,2.1162514E7,1325.0,2.0,2.0,36.0,22.0,23.0,7413032.0,0
1.0,2.0800941E7,30128.0,3.0,1.0,194.0,1119.0,1641.0,0.0,0
1.0,6777870.0,5076.0,3.0,1.0,14469.0,950238.0,824692.0,0.0,0
1.0,2.0222693E7,27961.0,2.0,1.0,326.0,215.0,319.0,66368.0,0
1.0,2.0170426E7,27961.0,2.0,2.0,64.0,184.0,334.0,1.3882877E7,0
1.0,2.1162251E7,1325.0,1.0,1.0,5583.0,12336.0,36.0,0.0,0
1.0,2.0908196E7,35088.0,2.0,2.0,0.0,2.0,5.0,1.6303015E7,0
1.0,3499993.0,23964.0,1.0,1.0,2844.0,4384.0,5236.0,5805935.0,0
1.0,3048011.0,23782.0,1.0,1.0,705.0,470.0,215.0,696954.0,0
1.0,2.0362748E7,591.0,1.0,1.0,192121.0,1113411.0,741.0,17090.0,0
1.0,1.0939484E7,29713.0,2.0,1.0,1681.0,56885.0,51448.0,1.6675642E7,1
1.0,2.1244305E7,2437.0,2.0,2.0,24876.0,24364.0,31414.0,801187.0,0
1.0,2.0593621E7,33524.0,1.0,1.0,87079.0,130402.0,510.0,1447121.0,0
2.0,2.0703245E7,34301.0,1.0,1.0,98480.0,418225.0,367526.0,34666.0,0
1.0,4708509.0,23777.0,1.0,1.0,23425.0,75923.0,67600.0,0.0,0
1.0,4258103.0,27059.0,1.0,1.0,11890.0,43164.0,53210.0,3206586.0,0
1.0,3373448.0,5962.0,1.0,1.0,44618.0,50359.0,45841.0,1.796493E7,0
1.0,2.0644007E7,23808.0,3.0,1.0,530.0,309.0,333.0,9937211.0,1
1.0,2.1477551E7,28698.0,3.0,1.0,30947.0,357226.0,200073.0,58278.0,0
1.0,4350560.0,20967.0,2.0,1.0,239425.0,565545.0,464503.0,7698536.0,0
1.0,6434934.0,23777.0,2.0,1.0,14.0,10.0,17.0,6602876.0,1
2.0,3065545.0,23783.0,1.0,1.0,370.0,241.0,402.0,8819952.0,1
1.0,2.0147397E7,27961.0,3.0,2.0,307578.0,867034.0,695026.0,0.0,0
4.0,1.0850055E7,29713.0,3.0,2.0,8713.0,97742.0,126156.0,0.0,0
6.0,5059535.0,26286.0,2.0,1.0,634.0,505.0,1040.0,2133886.0,0
2.0,4609764.0,1959.0,2.0,1.0,15311.0,203169.0,178556.0,0.0,0
1.0,2.0129394E7,28698.0,3.0,2.0,507.0,332.0,454.0,953123.0,0
1.0,2.12941E7,33762.0,3.0,1.0,1249.0,15671.0,13983.0,0.0,0
2.0,2.088669E7,34840.0,2.0,2.0,206.0,552.0,822.0,677803.0,0
1.0,3110597.0,23777.0,1.0,1.0,330.0,154.0,226.0,14482.0,0
1.0,4334827.0,5045.0,3.0,2.0,185491.0,412619.0,337189.0,0.0,0
1.0,1.0060401E7,9482.0,1.0,1.0,22403.0,556575.0,463319.0,0.0,1
1.0,2.0876635E7,34760.0,1.0,1.0,100.0,34.0,40.0,587455.0,0
1.0,1.0612517E7,29779.0,3.0,2.0,197.0,6634.0,6848.0,0.0,0
1.0,2.0192515E7,32183.0,2.0,2.0,12517.0,62803.0,57231.0,629779.0,0
4.0,2.1370935E7,36774.0,3.0,1.0,2646.0,131904.0,48723.0,0.0,0
1.0,2.0149123E7,27961.0,2.0,2.0,22885.0,115425.0,122801.0,0.0,0
1.0,8103469.0,5221.0,1.0,1.0,5729.0,34405.0,16675.0,27497.0,0
1.0,2.0163505E7,27961.0,2.0,2.0,76.0,90.0,142.0,0.0,0
1.0,3111366.0,23777.0,1.0,1.0,588.0,558.0,733.0,1.4379116E7,1
1.0,2.0880886E7,18786.0,2.0,2.0,24995.0,49858.0,50775.0,115451.0,0
1.0,1.0673572E7,23649.0,2.0,1.0,40356.0,116795.0,106466.0,508447.0,0
1.0,2.0945287E7,17630.0,2.0,1.0,4663.0,7961.0,8120.0,3740797.0,0
1.0,1.0593101E7,1268.0,3.0,1.0,2303.0,37079.0,2.0,2421951.0,0
4.0,2.0608934E7,33894.0,1.0,1.0,5730.0,113560.0,26259.0,0.0,0
1.0,2781613.0,23014.0,2.0,2.0,1854.0,30324.0,896.0,3893997.0,0
1.0,2.0363058E7,1340.0,2.0,2.0,123997.0,33.0,392.0,2740.0,0
1.0,2.0017078E7,23798.0,1.0,1.0,21914.0,4.0,21051.0,1093431.0,1
1.0,2.0325333E7,10040.0,2.0,1.0,39859.0,52960.0,91765.0,3889973.0,0
1.0,2.1134703E7,23807.0,2.0,1.0,6.0,73.0,8.0,3044917.0,0
1.0,2.032608E7,33083.0,3.0,2.0,47093.0,322583.0,346918.0,77955.0,0
1.0,2.0067154E7,23781.0,2.0,2.0,3.0,53.0,1.0,2329718.0,0
1.0,2.1522776E7,37422.0,2.0,1.0,0.0,12.0,4.0,1.4556783E7,0
19.0,1.0753529E7,9545.0,3.0,2.0,228.0,15268.0,17135.0,0.0,0
1.0,1.0850147E7,29713.0,3.0,1.0,181.0,1316.0,2519.0,0.0,0
1.0,2.1522776E7,37422.0,3.0,1.0,0.0,26.0,28.0,8671520.0,0
1.0,2.0664767E7,24107.0,2.0,1.0,23.0,818.0,1103.0,2377636.0,0
1.0,2.0711342E7,27500.0,1.0,1.0,3730.0,6739.0,3678.0,1119885.0,0
1.0,2.0346724E7,10497.0,1.0,1.0,93774.0,455785.0,142090.0,807053.0,0
1.0,4332980.0,23778.0,2.0,1.0,22.0,13.0,21.0,4498164.0,0
2.0,2.0346243E7,30428.0,2.0,2.0,20406.0,47768.0,43666.0,0.0,0
1.0,2.0163505E7,27961.0,2.0,2.0,31.0,3516.0,3869.0,207411.0,0
1.0,4212764.0,2051.0,2.0,2.0,30.0,163.0,56.0,1557403.0,0
1.0,9027015.0,23808.0,2.0,1.0,990.0,3047.0,3321.0,1.2970892E7,0
1.0,2.0192676E7,27961.0,2.0,1.0,27046.0,41330.0,45013.0,2378330.0,0
3.0,2.1161126E7,35816.0,2.0,2.0,18230.0,57199.0,80491.0,134345.0,0
2.0,2.1163921E7,23808.0,1.0,1.0,5903.0,11613.0,38.0,251695.0,0
1.0,2.0858181E7,17141.0,1.0,1.0,812.0,299989.0,285540.0,5120902.0,0
1.0,2.0287284E7,17314.0,3.0,1.0,2691.0,17631.0,18027.0,8607766.0,0
2.0,2.0192676E7,27961.0,2.0,2.0,4.0,39.0,55.0,46935.0,0
1.0,2.1163921E7,23808.0,2.0,1.0,437.0,1410.0,38.0,119984.0,0
1.0,4231093.0,25632.0,2.0,1.0,1339.0,884.0,1101.0,1359694.0,1
1.0,2.0188717E7,24124.0,3.0,2.0,1560.0,1369.0,685.0,2004217.0,0
1.0,2.1206172E7,35983.0,1.0,1.0,20584.0,20523.0,315.0,1.0246781E7,1
1.0,8961160.0,17926.0,1.0,1.0,7350.0,1595.0,1857.0,1684268.0,0
1.0,2.1222162E7,750.0,1.0,1.0,496.0,7997.0,1366.0,617958.0,0
1.0,2.006129E7,23803.0,1.0,1.0,713.0,499.0,73.0,2.045027E7,0
1.0,2.1755123E7,11121.0,1.0,1.0,583.0,3872.0,4848.0,1.2126314E7,0
1.0,2.0361186E7,879.0,1.0,1.0,2111.0,6024.0,5129.0,0.0,0
2.0,4283927.0,13118.0,2.0,1.0,119599.0,463607.0,704366.0,0.0,0
1.0,2.0758052E7,34535.0,2.0,1.0,1983.0,25772.0,25044.0,1.5512155E7,0
1.0,1.0397422E7,23808.0,2.0,2.0,13.0,50.0,15.0,325543.0,0
1.0,2.0128714E7,26596.0,2.0,1.0,19645.0,56800.0,104889.0,2488479.0,0
1.0,4271311.0,23778.0,2.0,1.0,182.0,99.0,132.0,2553738.0,0
1.0,2.1299603E7,36491.0,2.0,1.0,403.0,1469.0,121.0,1.1431041E7,1
1.0,2.1783671E7,27482.0,1.0,1.0,16410.0,51465.0,6.0,1.6236582E7,1
1.0,2.0587529E7,24354.0,2.0,1.0,1854.0,4050.0,4382.0,1.5958453E7,0
1.0,2.1713171E7,36837.0,3.0,2.0,4360.0,63678.0,57299.0,0.0,0
1.0,4707153.0,23777.0,1.0,1.0,60361.0,144749.0,124470.0,1743961.0,0
1.0,2.2101407E7,20870.0,3.0,1.0,6484.0,40130.0,40248.0,0.0,0
1.0,2.0192676E7,27961.0,2.0,1.0,23555.0,50688.0,82748.0,265134.0,0
4.0,4303220.0,13140.0,2.0,1.0,31069.0,40934.0,1102033.0,9904153.0,1
1.0,2.1193219E7,35900.0,2.0,2.0,5.0,147.0,197.0,7173805.0,1
1.0,4343037.0,27198.0,1.0,1.0,32280.0,455000.0,203610.0,0.0,0
1.0,2.0589894E7,24027.0,2.0,1.0,861.0,23367.0,37904.0,3849088.0,1
1.0,2.1318818E7,8493.0,1.0,1.0,252711.0,518663.0,488363.0,61308.0,0
1.0,2.1402172E7,36906.0,1.0,1.0,11284.0,8792.0,29073.0,553164.0,0
1.0,2.0185489E7,27961.0,2.0,2.0,55.0,75.0,108.0,61553.0,0
1.0,2.0387278E7,30213.0,3.0,2.0,156.0,213.0,159.0,0.0,0
1.0,2.018069E7,27961.0,2.0,2.0,10064.0,9768.0,11345.0,3414074.0,0
1.0,2.1522776E7,37422.0,3.0,1.0,0.0,25.0,4.0,4558167.0,0
1.0,2.2140329E7,38673.0,1.0,1.0,656.0,17611.0,2982.0,5028114.0,0
1.0,2.0068124E7,24162.0,2.0,2.0,58269.0,46.0,65.0,5650409.0,0
1.0,2.0908196E7,35088.0,2.0,2.0,0.0,2.0,5.0,3193752.0,0
1.0,2.019299E7,27961.0,2.0,2.0,4.0,39.0,55.0,1.314164E7,0
1.0,2.1900065E7,37605.0,1.0,1.0,238825.0,621368.0,370034.0,0.0,0
1.0,3854253.0,11494.0,3.0,2.0,3106.0,44253.0,43266.0,0.0,0
1.0,2.064397E7,23808.0,1.0,1.0,20.0,9.0,9.0,3967877.0,0
1.0,8670866.0,20075.0,3.0,3.0,1204398.0,23548.0,12252.0,72946.0,0
1.0,1.0939146E7,29713.0,2.0,2.0,254.0,210.0,311.0,179428.0,0
1.0,2.018369E7,27961.0,1.0,1.0,21645.0,28640.0,28863.0,9944333.0,0
2.0,2.1261705E7,36135.0,2.0,2.0,1.0,531.0,706.0,2280968.0,0
2.0,4252468.0,17525.0,2.0,1.0,304.0,4173.0,4588.0,9291357.0,0
2.0,2.1329769E7,36540.0,2.0,2.0,227.0,2617.0,3333.0,0.0,0
1.0,2.1385394E7,36841.0,3.0,3.0,2799.0,20762.0,19961.0,29883.0,0
1.0,2.1346775E7,36724.0,2.0,2.0,20987.0,42262.0,533.0,1413979.0,0
1.0,2.0066713E7,24162.0,3.0,2.0,5.0,65.0,49.0,5994867.0,0
2.0,2.018025E7,27961.0,1.0,1.0,108.0,111.0,225.0,1.7425457E7,0
1.0,9027213.0,23808.0,3.0,1.0,1.0,0.0,0.0,4191837.0,1
1.0,2.0604437E7,7229.0,2.0,1.0,130.0,167.0,246.0,8185116.0,1
1.0,2.1464746E7,37086.0,1.0,1.0,42614.0,85650.0,775.0,1891275.0,0
1.0,2.1094247E7,35463.0,2.0,2.0,1335.0,2115.0,192.0,6926593.0,0
2.0,2.0682179E7,34221.0,1.0,1.0,1335.0,32317.0,30160.0,2073277.0,0
1.0,2.0908196E7,35088.0,3.0,2.0,0.0,2.0,5.0,6086627.0,0
1.0,2.088669E7,34840.0,1.0,1.0,206.0,551.0,826.0,2.030578E7,1
1.0,2.0873097E7,33778.0,3.0,2.0,4927.0,5117.0,4833.0,5039039.0,0
1.0,4332980.0,23778.0,2.0,2.0,126.0,13.0,178.0,0.0,0
1.0,2.0601301E7,2494.0,2.0,2.0,32562.0,129426.0,10637.0,0.0,0
2.0,7409283.0,26288.0,1.0,1.0,3107.0,10636.0,9439.0,0.0,0
1.0,4423808.0,23808.0,2.0,2.0,8180.0,3371.0,3650.0,1.3218519E7,0
1.0,2.1162407E7,1325.0,2.0,2.0,15070.0,25996.0,27142.0,1.4419893E7,1
1.0,1.0225337E7,23040.0,2.0,2.0,14440.0,11752.0,1402.0,2772542.0,1
1.0,2.0164269E7,27961.0,1.0,1.0,271824.0,663329.0,535584.0,6361789.0,0
1.0,3140260.0,9207.0,1.0,1.0,10882.0,243581.0,205735.0,224104.0,0
5.0,3364829.0,7050.0,3.0,3.0,31512.0,770769.0,618098.0,0.0,0
1.0,2.0084876E7,32125.0,1.0,1.0,654376.0,2612190.0,2083891.0,190451.0,0
1.0,2.1258329E7,36310.0,2.0,1.0,84300.0,202207.0,193725.0,0.0,1
1.0,3066490.0,23786.0,1.0,1.0,314.0,207.0,115.0,2.0594019E7,1
1.0,6065938.0,27503.0,3.0,2.0,20063.0,876234.0,699560.0,131.0,0
1.0,2.0033132E7,23790.0,1.0,1.0,845.0,27.0,29.0,2.3196322E7,0
2.0,3009552.0,17611.0,3.0,2.0,4277.0,145057.0,116420.0,0.0,0
1.0,2.020388E7,1502.0,2.0,1.0,225.0,2515.0,241.0,170042.0,0
1.0,2.0174985E7,23795.0,1.0,1.0,135.0,3.0,7.0,6738220.0,0
1.0,2.130228E7,35623.0,3.0,1.0,51251.0,136159.0,68173.0,0.0,0
1.0,1.0588438E7,24354.0,3.0,3.0,132.0,382.0,691.0,287227.0,0
1.0,2.0640808E7,2012.0,2.0,1.0,41323.0,83707.0,11106.0,2750018.0,0
1.0,3126697.0,23777.0,3.0,1.0,5.0,47.0,57.0,1417972.0,0
1.0,2.0163491E7,27961.0,2.0,2.0,742.0,111277.0,98906.0,7723.0,0
1.0,3048011.0,23782.0,1.0,1.0,84.0,68.0,104.0,1.7294789E7,1
2.0,1.0869499E7,29128.0,1.0,1.0,2791.0,3015.0,3978.0,2586307.0,0
1.0,2.1345091E7,35874.0,2.0,2.0,10645.0,68093.0,62043.0,4211961.0,0
1.0,2.0887107E7,34951.0,2.0,2.0,507.0,7988.0,509.0,762034.0,0
2.0,4392460.0,11070.0,2.0,1.0,8418.0,12889.0,1286.0,90452.0,0
1.0,2.1164173E7,24130.0,2.0,2.0,454.0,5112.0,2584.0,1848159.0,0
1.0,2.0640312E7,33913.0,2.0,1.0,2350.0,9751.0,9851.0,476294.0,0
1.0,2.1372581E7,2010.0,3.0,1.0,4361.0,243.0,373.0,8710717.0,0
1.0,9027213.0,23808.0,2.0,1.0,1.0,0.0,0.0,1.504155E7,0
1.0,2.1458776E7,36932.0,2.0,1.0,2614.0,1893.0,4523.0,1240646.0,0
1.0,4386648.0,8017.0,2.0,1.0,958.0,201949.0,238771.0,0.0,1
1.0,2.0418741E7,33500.0,2.0,2.0,482.0,4843.0,1605.0,0.0,0
1.0,2.0188717E7,24124.0,3.0,1.0,969.0,456.0,1041.0,6269.0,0
1.0,2.110589E7,32157.0,3.0,2.0,292979.0,2907954.0,472518.0,4365079.0,0
1.0,9027213.0,23808.0,1.0,1.0,1.0,0.0,0.0,2262456.0,0
1.0,1.0397422E7,23808.0,2.0,2.0,13.0,50.0,15.0,0.0,0
1.0,2.0197923E7,5058.0,2.0,2.0,1895.0,1451.0,984.0,4572126.0,0
1.0,2.1389025E7,19879.0,1.0,1.0,12135.0,57044.0,61089.0,3125581.0,0
1.0,2.0174623E7,27961.0,1.0,1.0,257.0,1315.0,1690.0,3418991.0,1
1.0,4319995.0,799.0,3.0,3.0,725.0,212.0,330.0,0.0,0
1.0,1.0679271E7,30108.0,2.0,2.0,148.0,5586.0,12497.0,1579377.0,0
1.0,2.0326404E7,16822.0,2.0,1.0,79362.0,310455.0,1080.0,7381143.0,0
1.0,2.1261705E7,36135.0,2.0,2.0,18.0,477.0,825.0,5712904.0,0
1.0,2.0179996E7,27961.0,1.0,1.0,4865.0,4309.0,16938.0,0.0,0
1.0,2.019299E7,27961.0,3.0,2.0,4.0,39.0,99.0,8259033.0,0
1.0,2.0869957E7,854.0,2.0,1.0,131.0,1526.0,2907.0,1462806.0,0
1.0,2.0192676E7,27961.0,1.0,1.0,39.0,131.0,440.0,2405920.0,0
1.0,2.0192673E7,27961.0,3.0,1.0,332379.0,1313357.0,1954110.0,79299.0,1
1.0,1.0403259E7,27461.0,3.0,3.0,83753.0,208644.0,190959.0,0.0,0
1.0,4285938.0,23778.0,2.0,2.0,8.0,19.0,83.0,125667.0,0
1.0,8350710.0,24035.0,3.0,1.0,688.0,7212.0,1845.0,1875431.0,1
1.0,4291071.0,23778.0,3.0,2.0,25.0,11.0,24.0,4319086.0,0
1.0,2.179143E7,37674.0,3.0,3.0,600.0,98198.0,1092.0,8064400.0,0
1.0,2878230.0,23777.0,3.0,1.0,4.0,21.0,22.0,134130.0,0
1.0,2.1099574E7,35515.0,3.0,3.0,290.0,13281.0,4736.0,0.0,0
1.0,2.116226E7,1325.0,3.0,3.0,460.0,4777.0,8498.0,1637837.0,0
1.0,4806447.0,7894.0,3.0,3.0,2327.0,15279.0,14923.0,254178.0,0
1.0,2.0164275E7,27961.0,1.0,1.0,5457.0,22824.0,22540.0,6292445.0,0
1.0,1045664.0,116.0,2.0,1.0,222626.0,557290.0,10506.0,2287908.0,0
1.0,2.1798095E7,11621.0,1.0,1.0,18425.0,388489.0,318565.0,0.0,0
1.0,1.0403449E7,1267.0,3.0,2.0,2311.0,255.0,472.0,0.0,0
1.0,2.0882079E7,23637.0,2.0,2.0,659.0,2595.0,185.0,0.0,1
1.0,2.1246154E7,1502.0,2.0,2.0,297.0,113.0,153.0,1345117.0,0
1.0,8188373.0,24674.0,3.0,3.0,82285.0,301169.0,134253.0,4544692.0,1
1.0,3064058.0,23777.0,2.0,2.0,650299.0,1596906.0,1238771.0,0.0,0
1.0,4336797.0,10655.0,1.0,1.0,223.0,979.0,1361.0,0.0,0
4.0,2.0908196E7,35088.0,3.0,2.0,0.0,2.0,5.0,2791755.0,0
1.0,2.1162545E7,1325.0,2.0,1.0,99496.0,244901.0,244594.0,3054983.0,0
1.0,2.0889381E7,23807.0,1.0,1.0,235046.0,5.0,11.0,343792.0,0
1.0,4288720.0,24162.0,2.0,1.0,934.0,158.0,210.0,1.0428906E7,0
1.0,3499967.0,23964.0,3.0,2.0,1846.0,1662.0,1989.0,1.0975847E7,0
1.0,2.088669E7,34840.0,1.0,1.0,206.0,551.0,826.0,1.9336233E7,0
1.0,2.1174332E7,34708.0,3.0,1.0,136552.0,1248881.0,154316.0,0.0,1
1.0,2.1103016E7,35456.0,1.0,1.0,1607.0,6030.0,2892.0,809859.0,0
1.0,7141804.0,385.0,3.0,1.0,35216.0,45693.0,41889.0,1331386.0,1
1.0,3110597.0,23777.0,1.0,1.0,330.0,154.0,226.0,6502755.0,0
2.0,2.142359E7,11536.0,3.0,3.0,524.0,783.0,970.0,337993.0,0
1.0,2.0603476E7,32771.0,2.0,2.0,5713.0,49033.0,44942.0,4675962.0,0
1.0,2.0877878E7,32345.0,2.0,1.0,8433.0,12134.0,12165.0,3155479.0,0
1.0,7604250.0,11643.0,3.0,3.0,36540.0,2138494.0,1685668.0,47393.0,0
1.0,2.1407377E7,36894.0,3.0,1.0,23021.0,316180.0,351.0,0.0,1
1.0,2.0140532E7,14327.0,1.0,1.0,2737.0,910.0,6581.0,663359.0,0
1.0,2.0035838E7,29273.0,3.0,2.0,28.0,589.0,774.0,1348384.0,0
1.0,7145050.0,27484.0,2.0,1.0,51913.0,110.0,387.0,0.0,0
1.0,2.013577E7,28698.0,2.0,2.0,129.0,1551.0,3950.0,138274.0,0
1.0,9027637.0,23808.0,2.0,1.0,586.0,108.0,146.0,312335.0,0
1.0,2.0174985E7,23795.0,1.0,1.0,79.0,3.0,7.0,2.1188356E7,0
1.0,2.1414449E7,36980.0,2.0,2.0,1602.0,30644.0,32619.0,5884317.0,0
1.0,2.0273663E7,32674.0,2.0,1.0,239.0,2542.0,3108.0,3473223.0,1
1.0,2.1407211E7,5058.0,1.0,1.0,214.0,1284.0,1504.0,5627041.0,1
1.0,7832015.0,25334.0,3.0,1.0,78621.0,124206.0,104985.0,0.0,0
1.0,2.0706014E7,34246.0,3.0,1.0,3.0,142.0,71.0,4406072.0,1
1.0,4321470.0,2051.0,2.0,1.0,151.0,475.0,626.0,429599.0,0
1.0,1742660.0,15233.0,2.0,2.0,11632.0,32965.0,34413.0,0.0,0
1.0,1.0870942E7,30428.0,1.0,1.0,9107.0,60102.0,54140.0,0.0,0
1.0,2.0157628E7,27961.0,3.0,3.0,0.0,7.0,14.0,9926153.0,0
1.0,2.0885621E7,2010.0,2.0,1.0,311.0,1345.0,1924.0,152036.0,0
1.0,3066490.0,23786.0,1.0,1.0,2088.0,1335.0,115.0,101900.0,1
1.0,1.0588365E7,20551.0,2.0,2.0,57492.0,615009.0,496858.0,302938.0,0
1.0,2.0163606E7,27961.0,1.0,1.0,6433.0,66274.0,62217.0,537275.0,0
1.0,2.1163921E7,23808.0,2.0,1.0,51.0,330.0,39.0,2943385.0,0
1.0,2.1022393E7,8017.0,2.0,2.0,446696.0,2447809.0,2735854.0,0.0,0
1.0,2.1163921E7,23808.0,2.0,2.0,668.0,9559.0,39.0,0.0,0
1.0,8670955.0,20075.0,2.0,2.0,27169.0,3443.0,3733.0,6768666.0,0
1.0,1.030995E7,28492.0,1.0,1.0,8058.0,2468.0,2153.0,3041644.0,0
1.0,1.0397924E7,251.0,2.0,2.0,7670.0,7814.0,6611.0,1.1494198E7,1
1.0,1.037678E7,28531.0,3.0,3.0,2891.0,134240.0,43959.0,0.0,0
1.0,1325624.0,3005.0,1.0,1.0,97117.0,174027.0,148522.0,0.0,0
1.0,2.1320418E7,36554.0,1.0,1.0,28538.0,181132.0,31827.0,2262786.0,1
2.0,2.0549218E7,33524.0,1.0,1.0,10790.0,7049.0,1065.0,2090294.0,0
1.0,6794481.0,10611.0,2.0,2.0,36512.0,96784.0,89857.0,27192.0,0
1.0,3048011.0,23782.0,1.0,1.0,3097.0,1985.0,2933.0,1.7026479E7,1
1.0,2.1498325E7,35197.0,2.0,1.0,1586.0,6074.0,3939.0,915420.0,0
1.0,2.0595493E7,33800.0,1.0,1.0,12620.0,11886.0,12175.0,968575.0,0
1.0,2.0020011E7,591.0,2.0,2.0,5563.0,15888.0,8621.0,0.0,0
1.0,2.0017078E7,23798.0,1.0,1.0,6991.0,4.0,6040.0,3713653.0,0
1.0,2.1815482E7,27485.0,3.0,1.0,8.0,176.0,59.0,501762.0,1
1.0,4397193.0,27765.0,2.0,2.0,1041.0,80967.0,71950.0,3508159.0,0
1.0,2635365.0,22367.0,2.0,1.0,1956.0,4204.0,4419.0,2564131.0,0
1.0,2.1881309E7,36720.0,2.0,2.0,1030.0,1522.0,137.0,1.5301948E7,0
1.0,2.1832219E7,30627.0,1.0,1.0,86.0,1287.0,1507.0,1.2482613E7,0
1.0,2.1129874E7,35568.0,1.0,1.0,4351.0,12401.0,15055.0,0.0,1
1.0,2.1945353E7,38166.0,3.0,3.0,2245.0,8745.0,8895.0,4473364.0,0
1.0,2.0150024E7,18918.0,1.0,1.0,355307.0,1071476.0,1158189.0,4040050.0,1
1.0,2.1299867E7,10040.0,2.0,2.0,2284.0,9194.0,9755.0,1.66365E7,0
1.0,4397074.0,2589.0,2.0,2.0,17752.0,22546.0,40937.0,315482.0,0
1.0,2.0174763E7,27961.0,2.0,1.0,4161.0,97062.0,88303.0,6883.0,0
1.0,9583801.0,23637.0,1.0,1.0,90442.0,430.0,155.0,233475.0,0
1.0,2.0163591E7,27961.0,2.0,2.0,9.0,18.0,27.0,437751.0,0
1.0,2.0067145E7,23781.0,1.0,1.0,1897.0,8.0,1.0,2.3045706E7,0
1.0,1.0405659E7,29900.0,1.0,1.0,42.0,23.0,26.0,3351805.0,0
1.0,9027448.0,23808.0,1.0,1.0,202.0,56.0,68.0,1116674.0,0
1.0,2.022479E7,27961.0,3.0,2.0,52235.0,106689.0,98408.0,0.0,0
1.0,2.1477854E7,28698.0,1.0,1.0,3051.0,40017.0,32025.0,0.0,0
1.0,2.0157165E7,27961.0,1.0,1.0,138.0,145.0,234.0,500533.0,0
1.0,4390599.0,26239.0,2.0,2.0,20447.0,147130.0,128270.0,5611.0,0
1.0,3058698.0,23777.0,2.0,1.0,2682.0,3918.0,4240.0,4876129.0,1
1.0,3995042.0,11498.0,2.0,2.0,118131.0,1168849.0,931071.0,0.0,0
16.0,2.0640568E7,2012.0,1.0,1.0,16652.0,39446.0,17664.0,0.0,1
3.0,2.0894594E7,19982.0,3.0,2.0,56704.0,311839.0,270089.0,0.0,0
1.0,2.0180243E7,27961.0,2.0,1.0,830.0,795.0,1099.0,3150644.0,0
1.0,2.1512676E7,35398.0,2.0,1.0,178.0,423.0,973.0,7803283.0,0
1.0,2.0924421E7,16202.0,2.0,1.0,4883.0,283863.0,244648.0,0.0,0
1.0,2.116235E7,1325.0,2.0,1.0,168.0,320.0,932.0,67193.0,0
1.0,2.0180214E7,27961.0,3.0,3.0,830.0,795.0,1099.0,584820.0,0
1.0,2.0595293E7,854.0,2.0,1.0,58916.0,136337.0,476.0,6534704.0,1
1.0,2.0172874E7,23805.0,1.0,1.0,114.0,134.0,16.0,6159142.0,0
1.0,2.1311942E7,36427.0,3.0,2.0,8671.0,30598.0,82739.0,2531918.0,0
1.0,2.0346789E7,32669.0,2.0,2.0,35688.0,92903.0,20908.0,249507.0,0
1.0,9027437.0,23808.0,2.0,2.0,19.0,20.0,20.0,6493020.0,0
3.0,2880085.0,27468.0,1.0,1.0,15613.0,2356.0,2233.0,795888.0,0
1.0,2.1939543E7,38115.0,2.0,1.0,91.0,233.0,309.0,1.6173366E7,0
1.0,1012974.0,2826.0,1.0,1.0,15807.0,99365.0,87336.0,1.9139688E7,0
1.0,2.1847633E7,37822.0,3.0,3.0,8693.0,1408013.0,42844.0,2925070.0,1
2.0,2.0163505E7,27961.0,1.0,1.0,1046.0,6706.0,7517.0,0.0,0
1.0,9584422.0,23637.0,2.0,2.0,226.0,271.0,96.0,1.3202025E7,0
1.0,4419916.0,4862.0,2.0,1.0,142.0,180.0,258.0,4512655.0,0
1.0,4286583.0,2176.0,2.0,1.0,5626.0,4256.0,4618.0,1.1739214E7,0
5.0,9027213.0,23808.0,1.0,1.0,1.0,0.0,0.0,8056699.0,0
1.0,5858526.0,23796.0,1.0,1.0,1465.0,6.0,12.0,64356.0,0
1.0,1.0613132E7,30151.0,2.0,2.0,5864.0,565917.0,458469.0,238750.0,0
1.0,2.1920339E7,37956.0,2.0,1.0,17.0,226.0,331.0,4225428.0,0
2.0,4425099.0,28441.0,2.0,2.0,2307.0,3278.0,3420.0,538193.0,0
1.0,4331260.0,10770.0,1.0,1.0,216.0,2284.0,2827.0,2926770.0,0
1.0,2.0888595E7,23807.0,1.0,1.0,48.0,5.0,11.0,1.8037396E7,0
59.0,2.0706014E7,34246.0,3.0,3.0,433.0,865.0,71.0,0.0,1
1.0,8023278.0,27101.0,2.0,1.0,63093.0,1353692.0,1025374.0,752590.0,0
1.0,1.0295416E7,28179.0,2.0,1.0,204528.0,235911.0,223807.0,5767491.0,0
1.0,2.018551E7,27961.0,2.0,1.0,2741.0,15462.0,18201.0,1135807.0,0
1.0,2.0908196E7,35088.0,3.0,2.0,0.0,2.0,5.0,8240283.0,0
1.0,1.079396E7,24354.0,3.0,2.0,711.0,1673.0,299.0,63219.0,1
1.0,2.0673517E7,20836.0,1.0,1.0,6418.0,77984.0,373850.0,1.0937403E7,0
10.0,3048622.0,385.0,2.0,1.0,5527.0,17280.0,172.0,0.0,0
1.0,2.1360113E7,23777.0,1.0,1.0,8914.0,83254.0,8950.0,0.0,0
1.0,3562635.0,6097.0,1.0,1.0,99.0,8777.0,8976.0,0.0,0
1.0,2.0077416E7,26284.0,3.0,1.0,4743.0,5284.0,22873.0,0.0,0
1.0,9027103.0,23808.0,2.0,2.0,96.0,129.0,184.0,304109.0,0
1.0,4323440.0,12248.0,2.0,1.0,10362.0,19792.0,19052.0,7691350.0,0
1.0,2.0141112E7,28698.0,2.0,2.0,31081.0,460465.0,336252.0,0.0,0
1.0,2.1466659E7,37185.0,3.0,2.0,303.0,22500.0,3737.0,4446938.0,1
2.0,1.087093E7,30428.0,3.0,2.0,18261.0,35814.0,33234.0,0.0,0
1.0,2.0393504E7,33093.0,1.0,1.0,320.0,133.0,1331.0,1.3431024E7,1
1.0,2.0218303E7,23801.0,1.0,1.0,9496.0,597.0,785.0,6738273.0,0
1.0,2.1334742E7,36643.0,2.0,2.0,3794.0,151261.0,143468.0,1516381.0,0
1.0,4419868.0,4862.0,2.0,2.0,6976.0,159967.0,1149.0,1.4477363E7,1
1.0,9898493.0,26288.0,1.0,1.0,1975.0,5050.0,150.0,555152.0,0
1.0,2.016322E7,27961.0,2.0,2.0,2313.0,3578.0,4474.0,4806058.0,0
1.0,2.2034158E7,18918.0,2.0,1.0,1012374.0,3038349.0,2375234.0,27845.0,0
1.0,2.0441521E7,22308.0,3.0,1.0,138982.0,1429368.0,1110521.0,0.0,0
1.0,1.0240874E7,27993.0,3.0,3.0,36500.0,289962.0,252782.0,0.0,0
1.0,1644772.0,9883.0,2.0,2.0,4571.0,56488.0,55545.0,0.0,1
1.0,2.0030165E7,23799.0,2.0,2.0,28.0,41.0,52.0,6812814.0,1
1.0,5858822.0,23796.0,1.0,1.0,282.0,6.0,12.0,1.0743403E7,0
1.0,6435044.0,23777.0,3.0,3.0,162.0,2074.0,1524.0,1.0714916E7,0
1.0,2.1173403E7,23807.0,3.0,2.0,19978.0,17577.0,8.0,0.0,0
1.0,2.1109736E7,2010.0,3.0,3.0,51.0,243.0,373.0,314478.0,0
1.0,2.0718352E7,3625.0,2.0,2.0,4789.0,50144.0,24831.0,5452101.0,0
3.0,2.0363779E7,32104.0,1.0,1.0,611730.0,2828086.0,1706142.0,0.0,0
1.0,2.0183681E7,27961.0,1.0,1.0,163.0,912.0,1148.0,648599.0,0
1.0,2.0221012E7,27961.0,1.0,1.0,4128.0,5049.0,5999.0,1355717.0,1
1.0,9585571.0,23637.0,2.0,2.0,32.0,853.0,285.0,2853572.0,0
2.0,2.0889003E7,23807.0,2.0,1.0,52.0,5.0,11.0,1192972.0,0
1.0,2.1167206E7,35100.0,3.0,3.0,389.0,664.0,893.0,0.0,0
1.0,2.0705242E7,14067.0,2.0,1.0,103989.0,82863.0,73521.0,79551.0,0
1.0,4269586.0,1998.0,2.0,2.0,53772.0,74373.0,106411.0,441238.0,0
1.0,1000515.0,2714.0,1.0,1.0,4075.0,3106.0,41746.0,0.0,0
1.0,2.1418198E7,3625.0,1.0,1.0,252.0,440.0,582.0,4618269.0,0
1.0,2.0973815E7,4812.0,2.0,1.0,572916.0,1898355.0,38023.0,822411.0,1
1.0,2932282.0,385.0,2.0,2.0,129891.0,197250.0,167984.0,116121.0,0
1.0,2.1163923E7,23808.0,1.0,1.0,1146.0,2591.0,37.0,2.3097361E7,0
1.0,2.0197138E7,27961.0,1.0,1.0,4530.0,4574.0,5850.0,766227.0,0
2.0,2.0163505E7,27961.0,2.0,2.0,5799.0,36914.0,35625.0,1503318.0,0
1.0,1.0850179E7,29713.0,2.0,2.0,54842.0,535499.0,152705.0,1.2860273E7,0
1.0,3530080.0,23777.0,2.0,2.0,1255.0,1982.0,2212.0,0.0,0
2.0,2.0150506E7,18918.0,1.0,1.0,34807.0,68246.0,75237.0,2.1767865E7,0
1.0,2.0369416E7,33205.0,3.0,2.0,148.0,8185.0,728.0,892339.0,0
1.0,2.129905E7,33746.0,2.0,1.0,188434.0,934170.0,2556.0,0.0,0
2.0,2.1811458E7,37753.0,2.0,1.0,72777.0,357.0,487.0,3098100.0,0
1.0,2.0874956E7,34761.0,3.0,2.0,140044.0,571972.0,6202.0,0.0,0
1.0,4593419.0,23777.0,1.0,1.0,2072.0,1324.0,1542.0,1387108.0,0
1.0,3959473.0,26981.0,3.0,1.0,1425.0,38470.0,35515.0,21323.0,0
1.0,2.1105885E7,15160.0,2.0,2.0,1987.0,3245.0,4040.0,123386.0,1
2.0,2.0149129E7,27961.0,2.0,2.0,577.0,447.0,624.0,2944802.0,1
1.0,2.0183665E7,27961.0,2.0,2.0,9096.0,353230.0,530.0,978672.0,0
1.0,2.0644049E7,23808.0,1.0,1.0,7558.0,1679.0,1935.0,203362.0,0
1.0,2.1794957E7,37118.0,1.0,1.0,31744.0,64913.0,58343.0,0.0,0
1.0,8680127.0,1268.0,2.0,1.0,214.0,107.0,35.0,1.4411052E7,0
2.0,2.0170565E7,27961.0,1.0,1.0,6039.0,21401.0,14846.0,2.0414077E7,0
1.0,2.0036558E7,23800.0,2.0,2.0,49.0,44.0,312.0,3100185.0,0
1.0,2.0077569E7,2291.0,2.0,1.0,29208.0,78396.0,56465.0,3409789.0,1
1.0,2.0828715E7,2017.0,1.0,1.0,7457.0,14439.0,6960.0,0.0,0
1.0,2.0174782E7,27961.0,2.0,2.0,202290.0,462885.0,395851.0,0.0,0
1.0,7786756.0,5090.0,1.0,1.0,316.0,5907.0,43191.0,2911678.0,0
2.0,2.1162526E7,1325.0,2.0,1.0,10.0,24.0,25.0,1027893.0,0
1.0,2.1140618E7,20815.0,2.0,1.0,110.0,2130.0,2526.0,46587.0,0
1.0,2.0163607E7,27961.0,2.0,2.0,1951.0,1625.0,3380.0,426859.0,0
2.0,7642380.0,25928.0,1.0,1.0,12223.0,18511.0,21787.0,3903531.0,1
1.0,2.0017078E7,23798.0,1.0,1.0,429.0,4.0,518.0,401405.0,0
1.0,2.1401584E7,36492.0,2.0,1.0,72907.0,319850.0,75623.0,2911021.0,0
1.0,1.0863382E7,30495.0,1.0,1.0,7151.0,15076.0,41431.0,1418384.0,0
1.0,2.1163921E7,23808.0,1.0,1.0,535.0,2691.0,38.0,2074096.0,0
1.0,4180565.0,26553.0,2.0,2.0,1266.0,107966.0,103895.0,7273882.0,0
1.0,2.0584751E7,17285.0,3.0,1.0,17115.0,900256.0,726380.0,751517.0,0
1.0,2.074223E7,34167.0,3.0,3.0,294.0,82597.0,29399.0,0.0,0
1.0,2.1163926E7,23808.0,2.0,1.0,4064.0,25029.0,296.0,0.0,0
